-- phpMyAdmin SQL Dump
-- version 3.5.5
-- http://www.phpmyadmin.net
--
-- Client: localhost
-- Généré le: Jeu 17 Octobre 2013 à 02:57
-- Version du serveur: 5.5.33-31.1
-- Version de PHP: 5.3.17

SET SQL_MODE="NO_AUTO_VALUE_ON_ZERO";
SET time_zone = "+00:00";


/*!40101 SET @OLD_CHARACTER_SET_CLIENT=@@CHARACTER_SET_CLIENT */;
/*!40101 SET @OLD_CHARACTER_SET_RESULTS=@@CHARACTER_SET_RESULTS */;
/*!40101 SET @OLD_COLLATION_CONNECTION=@@COLLATION_CONNECTION */;
/*!40101 SET NAMES utf8 */;

--
-- Base de données: `spngroup_kara_baduc`
--

-- --------------------------------------------------------

--
-- Structure de la table `k3d_app`
--

CREATE TABLE IF NOT EXISTS `k3d_app` (
  `id` int(11) NOT NULL AUTO_INCREMENT,
  `name` varchar(50) COLLATE utf8_unicode_ci NOT NULL,
  `phone` varchar(15) COLLATE utf8_unicode_ci NOT NULL,
  `address` varchar(125) COLLATE utf8_unicode_ci NOT NULL,
  `email` varchar(50) CHARACTER SET utf8 NOT NULL,
  `banner` varchar(125) CHARACTER SET utf8 NOT NULL,
  `prefix` varchar(50) CHARACTER SET utf8 NOT NULL,
  `alias` varchar(256) CHARACTER SET utf8 NOT NULL,
  `date_created` timestamp NOT NULL DEFAULT CURRENT_TIMESTAMP,
  `date_modified` timestamp NOT NULL DEFAULT '0000-00-00 00:00:00',
  `date_activity` timestamp NOT NULL DEFAULT '0000-00-00 00:00:00',
  `type` tinyint(4) NOT NULL,
  `page_view` bigint(20) NOT NULL,
  PRIMARY KEY (`id`)
) ENGINE=InnoDB  DEFAULT CHARSET=utf8 COLLATE=utf8_unicode_ci AUTO_INCREMENT=2 ;

--
-- Contenu de la table `k3d_app`
--

INSERT INTO `k3d_app` (`id`, `name`, `phone`, `address`, `email`, `banner`, `prefix`, `alias`, `date_created`, `date_modified`, `date_activity`, `type`, `page_view`) VALUES
(1, 'Karaoke Ba Đức', '0945 03 07 09', 'Phó Cơ Điều P3 - TPVL', '', 'data/images/banner/logo.png', 'k3d_', 'k3d_', '2012-06-30 10:00:00', '0000-00-00 00:00:00', '2012-12-26 00:28:02', 0, 0);

-- --------------------------------------------------------

--
-- Structure de la table `k3d_category`
--

CREATE TABLE IF NOT EXISTS `k3d_category` (
  `id` int(25) NOT NULL AUTO_INCREMENT,
  `name` varchar(200) COLLATE utf8_unicode_ci DEFAULT NULL,
  `picture` binary(255) DEFAULT NULL,
  PRIMARY KEY (`id`)
) ENGINE=InnoDB  DEFAULT CHARSET=utf8 COLLATE=utf8_unicode_ci AUTO_INCREMENT=14 ;

--
-- Contenu de la table `k3d_category`
--

INSERT INTO `k3d_category` (`id`, `name`, `picture`) VALUES
(3, 'BEER', NULL),
(8, 'NƯỚC GIẢI KHÁT', NULL),
(11, 'THUỐC HÚT', NULL),
(12, 'THỨC ĂN', NULL),
(13, 'KHÁC', NULL);

-- --------------------------------------------------------

--
-- Structure de la table `k3d_collect_customer`
--

CREATE TABLE IF NOT EXISTS `k3d_collect_customer` (
  `id` int(11) NOT NULL AUTO_INCREMENT,
  `idcustomer` int(11) NOT NULL,
  `date` date NOT NULL,
  `value` int(11) NOT NULL,
  `note` varchar(50) COLLATE utf8_unicode_ci DEFAULT NULL,
  PRIMARY KEY (`id`),
  KEY `k3d_customer_collect_1` (`idcustomer`)
) ENGINE=InnoDB  DEFAULT CHARSET=utf8 COLLATE=utf8_unicode_ci AUTO_INCREMENT=5 ;

--
-- Contenu de la table `k3d_collect_customer`
--

INSERT INTO `k3d_collect_customer` (`id`, `idcustomer`, `date`, `value`, `note`) VALUES
(2, 15, '2013-05-18', 1000001, 'Trả lần 1, lẻ 1 đồng'),
(3, 17, '2013-05-01', 2087000, 'thanh toán nợ cũ'),
(4, 16, '2013-08-31', 18000000, 'Trả nợ phiếu');

-- --------------------------------------------------------

--
-- Structure de la table `k3d_collect_general`
--

CREATE TABLE IF NOT EXISTS `k3d_collect_general` (
  `id` int(11) NOT NULL AUTO_INCREMENT,
  `id_term` int(11) NOT NULL,
  `date` date NOT NULL,
  `value` int(11) NOT NULL,
  `note` varchar(50) COLLATE utf8_unicode_ci DEFAULT NULL,
  PRIMARY KEY (`id`),
  KEY `k3d_collect_1` (`id_term`)
) ENGINE=InnoDB  DEFAULT CHARSET=utf8 COLLATE=utf8_unicode_ci AUTO_INCREMENT=6 ;

--
-- Contenu de la table `k3d_collect_general`
--

INSERT INTO `k3d_collect_general` (`id`, `id_term`, `date`, `value`, `note`) VALUES
(5, 2, '2013-05-18', 10, 'd');

-- --------------------------------------------------------

--
-- Structure de la table `k3d_config`
--

CREATE TABLE IF NOT EXISTS `k3d_config` (
  `id` int(11) NOT NULL AUTO_INCREMENT,
  `param` varchar(125) COLLATE utf8_unicode_ci NOT NULL,
  `value` varchar(256) COLLATE utf8_unicode_ci NOT NULL,
  PRIMARY KEY (`id`)
) ENGINE=InnoDB  DEFAULT CHARSET=utf8 COLLATE=utf8_unicode_ci AUTO_INCREMENT=8 ;

--
-- Contenu de la table `k3d_config`
--

INSERT INTO `k3d_config` (`id`, `param`, `value`) VALUES
(1, 'PRICE_HOUR_NORMAL_1', '70000'),
(2, 'PRICE_HOUR_NORMAL_2', '90000'),
(3, 'PRICE_HOUR_VIP_1', '80000'),
(4, 'PRICE_HOUR_VIP_2', '100000'),
(5, 'DISCOUNT', '0'),
(6, 'ROW_PER_PAGE', '8'),
(7, 'GUEST_VISIT', '3678');

-- --------------------------------------------------------

--
-- Structure de la table `k3d_course`
--

CREATE TABLE IF NOT EXISTS `k3d_course` (
  `id` int(11) NOT NULL AUTO_INCREMENT,
  `idcategory` int(25) DEFAULT NULL,
  `name` varchar(200) COLLATE utf8_unicode_ci NOT NULL,
  `shortname` varchar(200) COLLATE utf8_unicode_ci DEFAULT NULL,
  `unit` varchar(200) COLLATE utf8_unicode_ci DEFAULT NULL,
  `price1` bigint(20) NOT NULL,
  `price2` bigint(20) NOT NULL,
  `price3` bigint(20) NOT NULL,
  `price4` bigint(20) NOT NULL,
  `picture` varchar(50) COLLATE utf8_unicode_ci DEFAULT NULL,
  PRIMARY KEY (`id`),
  KEY `foreign_field` (`idcategory`)
) ENGINE=InnoDB  DEFAULT CHARSET=utf8 COLLATE=utf8_unicode_ci AUTO_INCREMENT=165 ;

--
-- Contenu de la table `k3d_course`
--

INSERT INTO `k3d_course` (`id`, `idcategory`, `name`, `shortname`, `unit`, `price1`, `price2`, `price3`, `price4`, `picture`) VALUES
(15, 11, 'Thuốc Hút', 'Thuốc Hút', 'Gói', 25000, 0, 0, 0, NULL),
(53, 8, 'Trà Xanh', 'Trà Xanh', 'Chai', 15000, 0, 0, 0, NULL),
(54, 8, 'C2', 'C2', 'Chai', 15000, 0, 0, 0, NULL),
(55, 8, 'Dr Thanh', 'Dr Thanh', 'Chai', 15000, 0, 0, 0, NULL),
(56, 8, 'Nước Yến', 'Nước Yến', 'Lon', 15000, 0, 0, 0, NULL),
(107, 3, 'Heniken', 'Heniken', 'Chai', 18000, 0, 0, 0, ''),
(108, 3, 'HENIKEN', 'HENIKEN', 'Lon', 20000, 0, 0, 0, ''),
(110, 12, 'Trái Cây', 'Trái Cây', 'Dĩa', 50000, 0, 0, 0, ''),
(111, 3, 'Sài Gòn đỏ', 'Sài Gòn đỏ', 'Chai', 12000, 0, 0, 0, ''),
(112, 3, 'Sài gòn Special', 'Sài gòn Special', 'Chai', 15000, 0, 0, 0, ''),
(113, 3, 'Sài gòn SPECIAL', 'Sài gòn SPECIAL', 'Lon', 17000, 0, 0, 0, ''),
(114, 3, 'Bia 333', 'Bia 333', 'Lon', 16000, 0, 0, 0, ''),
(115, 11, 'Thuốc 555', 'Thuốc 555', 'Gói', 30000, 0, 0, 0, ''),
(116, 11, 'Thuốc Craven', 'Thuốc Craven', 'Gói', 25000, 0, 0, 0, ''),
(117, 12, 'Oshi', 'Oshi', 'Gói', 10000, 0, 0, 0, ''),
(118, 12, 'Chả Giò', 'Chả Giò', 'Gói', 15000, 0, 0, 0, ''),
(119, 12, 'Khô Bò', 'Khô Bò', 'Gói', 10000, 0, 0, 0, ''),
(120, 12, 'Mít sấy', 'Mít sấy', 'Gói', 15000, 0, 0, 0, ''),
(121, 12, 'Xúc Xích', 'Xúc Xích', 'Gói', 35000, 0, 0, 0, ''),
(122, 12, 'Chewing Gum', 'Chewing Gum', 'Cây', 6000, 0, 0, 0, ''),
(123, 12, 'Đậu Phộng chiên', 'Đậu Phộng chiên', 'Gói', 10000, 0, 0, 0, ''),
(124, 12, 'Đậu Phộng sấy', 'Đậu Phộng sấy', 'Gói', 10000, 0, 0, 0, ''),
(125, 12, 'Đậu Phộng', 'Đậu Phộng', 'Gói', 7000, 0, 0, 0, ''),
(126, 8, 'Lavie 500ml', 'Lavie 500ml', 'Chai', 10000, 0, 0, 0, ''),
(127, 8, 'Pepsi', 'Pepsi', 'Lon', 15000, 0, 0, 0, ''),
(128, 8, '7 Up', '7 Up', 'Lon', 15000, 0, 0, 0, ''),
(129, 8, 'Mirinda Cam', 'Mirinda Cam', 'Lon', 15000, 0, 0, 0, ''),
(134, 12, 'Khô Mực', 'Khô Mực', 'Con', 50000, 0, 0, 0, ''),
(135, 12, 'Chả Lụa', 'Chả Lụa', 'Dĩa', 50000, 0, 0, 0, ''),
(136, 8, 'Red Bull', 'Red Bull', 'Lon', 15000, 0, 0, 0, ''),
(137, 3, 'Tiger', 'Tiger', 'Chai', 14000, 0, 0, 0, ''),
(138, 3, 'Tiger Bạc', 'Tiger Bạc', 'Chai', 15000, 0, 0, 0, ''),
(139, 12, 'Đậu Nành rang', 'Đậu Nành rang', 'Gói', 10000, 0, 0, 0, ''),
(140, 3, 'TIGER', 'TIGER', 'Lon', 19000, 0, 0, 0, ''),
(141, 12, 'Cơm Cháy', 'Cơm Cháy', 'Gói', 17000, 0, 0, 0, ''),
(142, 12, 'Cá Cơm', 'Cá Cơm', 'Gói', 12000, 0, 0, 0, ''),
(143, 8, 'Sting', 'Sting', 'Chai', 15000, 0, 0, 0, ''),
(144, 12, 'Khô Mực I', 'Khô Mực I', 'Con', 60000, 0, 0, 0, ''),
(145, 12, 'Chà giò rế', 'Chà giò rế', 'Dĩa', 60000, 0, 0, 0, ''),
(146, 12, 'Nhái chiên giòn', 'Nhái', 'Dĩa', 60000, 0, 0, 0, ''),
(147, 12, 'Đậu Nành sấy', 'Đậu nành sấy', 'Gói', 12000, 0, 0, 0, ''),
(149, 13, 'Nước đá viên', 'Nước đá viên', 'Kg', 1000, 0, 0, 0, ''),
(150, 12, 'Xoài thêm', '', 'Dĩa', 30000, 0, 0, 0, ''),
(151, 12, 'Ổi thêm', '', 'Dĩa', 30000, 0, 0, 0, ''),
(152, 12, 'Dưa Hấu thêm', '', 'Dĩa', 30000, 0, 0, 0, ''),
(153, 12, 'Mận thêm', '', 'Dĩa', 30000, 0, 0, 0, ''),
(154, 12, 'Sơ ri thêm', '', 'Dĩa', 30000, 0, 0, 0, ''),
(155, 3, 'SAGOTA', 'SAGOTA', 'Lon', 15000, 0, 0, 0, ''),
(156, 12, 'Mít', '', 'Dĩa', 50000, 0, 0, 0, ''),
(157, 12, 'Hột Điều', '', 'Gói', 12000, 0, 0, 0, ''),
(158, 12, 'Xúc Xích N', 'Xúc Xích N', 'Gói', 25000, 0, 0, 0, ''),
(159, 12, 'Chả cá chiên giòn', 'Chả cá chiên giòn', 'Dĩa', 45000, 0, 0, 0, ''),
(160, 12, 'Phô Mai', '', 'Hộp', 25000, 0, 0, 0, ''),
(161, 13, 'Khăn giấy', '', 'Gói', 5000, 0, 0, 0, ''),
(162, 13, 'Khăn Lạnh', '', 'Cái', 2000, 0, 0, 0, ''),
(163, 13, 'Quẹt gas', '', 'Cái', 4000, 0, 0, 0, ''),
(164, 12, 'Đậu Hà Lan', '', 'Gói', 30000, 0, 0, 0, '');

-- --------------------------------------------------------

--
-- Structure de la table `k3d_customer`
--

CREATE TABLE IF NOT EXISTS `k3d_customer` (
  `id` int(9) NOT NULL AUTO_INCREMENT,
  `name` varchar(100) COLLATE utf8_unicode_ci NOT NULL,
  `type` int(11) NOT NULL,
  `card` varchar(15) COLLATE utf8_unicode_ci NOT NULL,
  `phone` varchar(15) COLLATE utf8_unicode_ci NOT NULL,
  `address` varchar(200) COLLATE utf8_unicode_ci NOT NULL,
  `note` varchar(100) COLLATE utf8_unicode_ci NOT NULL,
  `discount` int(11) NOT NULL,
  PRIMARY KEY (`id`)
) ENGINE=InnoDB  DEFAULT CHARSET=utf8 COLLATE=utf8_unicode_ci AUTO_INCREMENT=27 ;

--
-- Contenu de la table `k3d_customer`
--

INSERT INTO `k3d_customer` (`id`, `name`, `type`, `card`, `phone`, `address`, `note`, `discount`) VALUES
(1, 'Khách Hàng Vãng Lai', 0, '893970784300', '0945030709', '', '', 0),
(12, 'Lê Hồng Đức', 1, '893970784301', '0918585203', 'Cty TNHH MTV Ba Đức Vĩnh Long', 'Giám Đốc', 0),
(13, 'Nguyễn Quang Minh', 0, '893970784302', '', '', '', 10),
(14, 'Phan Thanh Phong', 0, '893970784303', '', '', 'Toàn', 0),
(15, 'Phạm Minh Tuấn Anh', 0, '893970784304', '', 'Vĩnh Long', 'Kế Toán', 0),
(16, 'Lê Nguyễn Đông Khoa', 1, '893970784305', '0945030709', 'Cty TNHH MTV Ba Đức Vĩnh Long', 'P. GĐ', 0),
(17, 'Lê Thành Tâm', 0, '893970784306', '', '', '', 0),
(18, 'Cường Cầu Đôi', 0, '893970784307', '', 'Cầu Đôi', '', 0),
(19, 'Lê Nguyễn Thanh Trung', 0, '', '', '', '', 0),
(20, 'Anh Trí CAVL', 0, '', '', 'CSKT VL', '', 0),
(21, 'Nhí', 0, '', '', '', '', 0),
(22, 'Nguyễn Văn Hiếu', 0, '', '', 'NV Karaoke', '', 0),
(23, 'Trương Phước Sang', 0, '', '', 'NV Khách sạn', '', 0),
(24, 'Ngọc', 0, '', '', 'NV Khách sạn', '', 0),
(25, 'Khách Hàng Nợ', 0, '', '', '', '', 0),
(26, 'Anh Thắng', 1, '', '', 'CAVL', '', 10);

-- --------------------------------------------------------

--
-- Structure de la table `k3d_domain`
--

CREATE TABLE IF NOT EXISTS `k3d_domain` (
  `id` int(11) NOT NULL AUTO_INCREMENT,
  `name` varchar(200) COLLATE utf8_unicode_ci NOT NULL,
  PRIMARY KEY (`id`)
) ENGINE=InnoDB  DEFAULT CHARSET=utf8 COLLATE=utf8_unicode_ci AUTO_INCREMENT=4 ;

--
-- Contenu de la table `k3d_domain`
--

INSERT INTO `k3d_domain` (`id`, `name`) VALUES
(1, 'KHU A'),
(2, 'KHU B'),
(3, 'KHU VIP');

-- --------------------------------------------------------

--
-- Structure de la table `k3d_employee`
--

CREATE TABLE IF NOT EXISTS `k3d_employee` (
  `id` int(11) NOT NULL AUTO_INCREMENT,
  `name` varchar(25) COLLATE utf8_unicode_ci NOT NULL,
  `job` varchar(50) COLLATE utf8_unicode_ci NOT NULL,
  `gender` tinyint(2) NOT NULL,
  `phone` varchar(13) COLLATE utf8_unicode_ci NOT NULL,
  `address` varchar(50) COLLATE utf8_unicode_ci NOT NULL,
  PRIMARY KEY (`id`)
) ENGINE=InnoDB  DEFAULT CHARSET=utf8 COLLATE=utf8_unicode_ci AUTO_INCREMENT=6 ;

--
-- Contenu de la table `k3d_employee`
--

INSERT INTO `k3d_employee` (`id`, `name`, `job`, `gender`, `phone`, `address`) VALUES
(1, 'Phan Xuân Mai', '', 1, '0946 915 700', 'Cao Lãnh - Đồng Tháp'),
(2, 'Nguyễn Quang Minh', 'Phục vụ', 0, '0932502838', 'Châu Thành, Đồng Tháp'),
(3, 'Nguyễn Văn Hiếu', 'Phục vụ', 0, '0', 'Sóc Trăng'),
(4, 'Trần Thanh Chỉ', 'Phục vụ', 1, '', 'Châu Thành, Đồng Tháp'),
(5, 'Phạm Minh Tuấn Anh', 'Kế Toán', 0, '', '');

-- --------------------------------------------------------

--
-- Structure de la table `k3d_guest`
--

CREATE TABLE IF NOT EXISTS `k3d_guest` (
  `id` int(11) NOT NULL AUTO_INCREMENT,
  `ip` varchar(16) CHARACTER SET latin1 NOT NULL,
  `entry_time` varchar(32) CHARACTER SET latin1 NOT NULL,
  `exit_time` varchar(32) CHARACTER SET latin1 NOT NULL,
  `agent` varchar(16) CHARACTER SET latin1 NOT NULL,
  PRIMARY KEY (`id`)
) ENGINE=InnoDB  DEFAULT CHARSET=utf8 AUTO_INCREMENT=38 ;

--
-- Contenu de la table `k3d_guest`
--

INSERT INTO `k3d_guest` (`id`, `ip`, `entry_time`, `exit_time`, `agent`) VALUES
(37, '115.78.94.118', '1381941274', '1381944874', '115.78.94.118');

-- --------------------------------------------------------

--
-- Structure de la table `k3d_order_import`
--

CREATE TABLE IF NOT EXISTS `k3d_order_import` (
  `id` int(11) NOT NULL AUTO_INCREMENT,
  `idsupplier` int(11) NOT NULL,
  `date` date NOT NULL,
  `description` varchar(50) CHARACTER SET utf8 NOT NULL,
  PRIMARY KEY (`id`),
  KEY `k3d_order_import_1` (`idsupplier`)
) ENGINE=InnoDB  DEFAULT CHARSET=utf8 COLLATE=utf8_unicode_ci AUTO_INCREMENT=298 ;

--
-- Contenu de la table `k3d_order_import`
--

INSERT INTO `k3d_order_import` (`id`, `idsupplier`, `date`, `description`) VALUES
(7, 9, '2013-04-07', ''),
(10, 12, '2013-04-01', ''),
(11, 12, '2013-04-02', ''),
(12, 12, '2013-04-04', ''),
(13, 12, '2013-04-05', ''),
(14, 12, '2013-04-07', ''),
(15, 12, '2013-04-08', ''),
(16, 12, '2013-04-09', ''),
(18, 9, '2013-04-05', ''),
(19, 9, '2013-04-09', ''),
(20, 1, '2013-04-10', ''),
(21, 8, '2013-04-11', ''),
(22, 12, '2013-04-11', ''),
(23, 1, '2013-04-12', ''),
(24, 9, '2013-04-12', ''),
(25, 12, '2013-04-12', ''),
(28, 1, '2013-04-13', ''),
(29, 12, '2013-04-13', ''),
(30, 6, '2013-04-13', ''),
(31, 8, '2013-04-13', ''),
(32, 8, '2013-04-02', ''),
(33, 6, '2013-04-02', ''),
(35, 6, '2013-04-06', ''),
(36, 6, '2013-04-07', ''),
(37, 6, '2013-04-12', ''),
(38, 6, '2013-04-14', ''),
(39, 12, '2013-04-14', ''),
(40, 1, '2013-04-15', ''),
(41, 12, '2013-04-15', ''),
(42, 8, '2013-04-15', ''),
(43, 12, '2013-04-16', ''),
(45, 11, '2013-03-31', ''),
(46, 6, '2013-03-31', ''),
(48, 9, '2013-03-31', ''),
(49, 12, '2013-04-17', ''),
(50, 1, '2013-04-17', ''),
(51, 12, '2013-04-18', ''),
(52, 12, '2013-04-19', ''),
(53, 9, '2013-04-20', ''),
(54, 12, '2013-04-20', ''),
(55, 1, '2013-04-21', ''),
(57, 8, '2013-04-22', ''),
(61, 9, '2013-04-23', ''),
(62, 12, '2013-04-23', ''),
(67, 6, '2013-04-24', ''),
(68, 12, '2013-04-26', ''),
(69, 12, '2013-04-27', ''),
(70, 12, '2013-04-28', ''),
(71, 6, '2013-04-28', ''),
(72, 8, '2013-04-28', ''),
(73, 8, '2013-04-29', ''),
(76, 9, '2013-04-29', 'Đậu nành sấy: 100 bich x 4000đ'),
(77, 12, '2013-04-29', ''),
(78, 1, '2013-04-22', ''),
(79, 1, '2013-04-25', ''),
(80, 1, '2013-04-27', ''),
(81, 12, '2013-05-01', ''),
(82, 1, '2013-05-01', ''),
(83, 6, '2013-05-01', ''),
(84, 9, '2013-05-03', ''),
(85, 8, '2013-05-03', ''),
(86, 12, '2013-05-03', ''),
(87, 12, '2013-05-05', ''),
(88, 1, '2013-05-05', ''),
(89, 1, '2013-05-06', ''),
(90, 12, '2013-05-06', ''),
(91, 6, '2013-05-06', ''),
(92, 11, '2013-05-07', ''),
(93, 6, '2013-05-07', ''),
(94, 1, '2013-05-07', ''),
(95, 8, '2013-05-07', ''),
(96, 12, '2013-05-07', ''),
(97, 9, '2013-05-06', ''),
(98, 12, '2013-05-08', ''),
(99, 1, '2013-05-10', ''),
(100, 12, '2013-05-10', ''),
(101, 1, '2013-05-11', ''),
(102, 8, '2013-05-11', ''),
(105, 9, '2013-05-11', ''),
(106, 8, '2013-05-14', ''),
(107, 1, '2013-05-13', ''),
(108, 12, '2013-05-13', ''),
(111, 11, '2013-03-28', 'Tồn kho tính đến ngày 28/03'),
(112, 1, '2013-05-19', ''),
(113, 8, '2013-05-19', ''),
(114, 12, '2013-05-19', ''),
(115, 6, '2013-05-19', ''),
(116, 8, '2013-03-31', 'Tồn tính đến ngày 28/03'),
(117, 6, '2013-03-28', 'Tồn kho tính đến ngày 28/03'),
(118, 9, '2013-03-28', 'Tồn khó tính đến ngày 28/03\r\n'),
(120, 12, '2013-05-15', ''),
(121, 6, '2013-05-16', ''),
(122, 12, '2013-05-17', ''),
(123, 6, '2013-05-20', ''),
(124, 12, '2013-05-21', ''),
(125, 8, '2013-05-22', ''),
(126, 8, '2013-05-23', ''),
(127, 1, '2013-05-23', ''),
(128, 1, '2013-05-21', ''),
(129, 8, '2013-05-24', ''),
(130, 12, '2013-05-26', ''),
(131, 8, '2013-05-27', ''),
(133, 1, '2013-05-16', ''),
(134, 1, '2013-05-25', ''),
(135, 1, '2013-05-27', ''),
(136, 9, '2013-05-27', ''),
(137, 6, '2013-05-27', ''),
(138, 12, '2013-05-28', ''),
(139, 9, '2013-05-28', ''),
(140, 1, '2013-05-31', ''),
(141, 6, '2013-05-29', ''),
(142, 12, '2013-05-29', ''),
(143, 9, '2013-05-30', ''),
(144, 8, '2013-05-30', ''),
(145, 12, '2013-05-31', ''),
(147, 8, '2013-05-31', ''),
(148, 6, '2013-06-01', ''),
(149, 9, '2013-06-01', ''),
(150, 12, '2013-06-01', ''),
(152, 1, '2013-05-29', ''),
(153, 6, '2013-06-02', ''),
(154, 12, '2013-06-03', ''),
(155, 1, '2013-06-04', ''),
(156, 8, '2013-06-04', ''),
(157, 1, '2013-06-06', ''),
(158, 12, '2013-06-04', ''),
(159, 1, '2013-06-08', ''),
(160, 12, '2013-06-08', ''),
(161, 9, '2013-06-08', ''),
(162, 8, '2013-06-10', ''),
(163, 1, '2013-06-13', ''),
(164, 1, '2013-06-11', ''),
(165, 1, '2013-06-12', ''),
(166, 8, '2013-06-13', ''),
(167, 12, '2013-06-09', ''),
(168, 12, '2013-06-12', ''),
(169, 1, '2013-06-15', ''),
(170, 12, '2013-06-14', ''),
(171, 12, '2013-06-15', ''),
(172, 6, '2013-06-16', ''),
(173, 8, '2013-06-15', ''),
(174, 8, '2013-06-20', ''),
(175, 9, '2013-06-29', ''),
(176, 8, '2013-07-01', ''),
(177, 1, '2013-06-18', ''),
(178, 1, '2013-06-21', ''),
(179, 1, '2013-06-24', ''),
(180, 1, '2013-06-28', ''),
(181, 1, '2013-06-29', ''),
(182, 1, '2013-06-30', ''),
(183, 12, '2013-06-19', ''),
(184, 12, '2013-06-23', ''),
(185, 12, '2013-06-24', ''),
(186, 12, '2013-06-28', ''),
(187, 12, '2013-06-29', ''),
(188, 12, '2013-06-30', ''),
(189, 12, '2013-07-02', ''),
(190, 9, '2013-07-03', ''),
(191, 1, '2013-07-04', ''),
(192, 12, '2013-07-04', ''),
(193, 1, '2013-07-07', ''),
(195, 6, '2013-07-05', ''),
(196, 8, '2013-07-06', ''),
(197, 12, '2013-07-05', ''),
(198, 12, '2013-07-07', ''),
(199, 1, '2013-07-11', ''),
(200, 1, '2013-07-14', ''),
(202, 8, '2013-07-13', ''),
(203, 8, '2013-07-14', ''),
(204, 9, '2013-07-14', ''),
(205, 8, '2013-07-18', ''),
(206, 1, '2013-07-16', ''),
(207, 1, '2013-07-18', ''),
(208, 1, '2013-07-20', ''),
(209, 9, '2013-07-20', ''),
(210, 12, '2013-07-09', ''),
(211, 12, '2013-07-11', ''),
(212, 12, '2013-07-12', ''),
(213, 12, '2013-07-13', ''),
(214, 12, '2013-07-15', ''),
(215, 12, '2013-07-16', ''),
(216, 12, '2013-07-17', ''),
(217, 12, '2013-07-18', ''),
(218, 12, '2013-07-19', ''),
(219, 12, '2013-07-23', ''),
(220, 8, '2013-07-25', ''),
(221, 6, '2013-07-25', ''),
(222, 11, '2013-07-26', ''),
(223, 8, '2013-08-02', ''),
(225, 1, '2013-07-23', ''),
(226, 1, '2013-07-25', ''),
(227, 1, '2013-07-27', ''),
(228, 1, '2013-07-30', ''),
(229, 1, '2013-08-01', ''),
(230, 1, '2013-08-02', ''),
(231, 8, '2013-07-31', ''),
(232, 12, '2013-07-24', ''),
(233, 12, '2013-07-25', ''),
(234, 12, '2013-07-26', ''),
(235, 12, '2013-07-28', ''),
(236, 12, '2013-07-29', ''),
(237, 12, '2013-07-31', ''),
(238, 12, '2013-08-02', ''),
(240, 6, '2013-08-03', ''),
(241, 8, '2013-08-04', ''),
(242, 8, '2013-08-06', ''),
(243, 9, '2013-08-05', ''),
(244, 6, '2013-08-08', ''),
(245, 1, '2013-08-04', ''),
(246, 1, '2013-08-05', ''),
(247, 1, '2013-08-06', ''),
(248, 1, '2013-08-08', ''),
(249, 12, '2013-08-04', ''),
(250, 12, '2013-08-05', ''),
(251, 12, '2013-08-06', ''),
(252, 12, '2013-08-08', ''),
(253, 9, '2013-08-08', ''),
(254, 1, '2013-08-12', ''),
(255, 1, '2013-08-13', ''),
(256, 8, '2013-08-13', ''),
(257, 1, '2013-08-15', ''),
(258, 8, '2013-08-15', ''),
(260, 9, '2013-08-17', ''),
(261, 1, '2013-08-17', ''),
(262, 8, '2013-08-18', ''),
(263, 9, '2013-08-19', ''),
(264, 1, '2013-08-20', ''),
(265, 8, '2013-08-21', ''),
(266, 1, '2013-08-23', ''),
(267, 9, '2013-08-25', ''),
(268, 1, '2013-08-26', ''),
(269, 8, '2013-08-26', ''),
(270, 6, '2013-08-28', ''),
(271, 12, '2013-08-29', ''),
(272, 9, '2013-08-29', ''),
(273, 9, '2013-08-28', ''),
(274, 15, '2013-06-01', ''),
(277, 8, '2013-08-31', ''),
(278, 6, '2013-09-02', ''),
(279, 12, '2013-09-02', ''),
(280, 9, '2013-09-02', ''),
(281, 8, '2013-09-03', 'Mua ngoài'),
(282, 14, '2013-09-09', ''),
(283, 12, '2013-09-10', ''),
(285, 12, '2013-09-11', ''),
(286, 16, '2013-09-12', ''),
(287, 13, '2013-09-18', ''),
(288, 8, '2013-09-26', ''),
(289, 12, '2013-09-27', ''),
(290, 8, '2013-09-27', ''),
(292, 12, '2013-10-03', ''),
(293, 9, '2013-10-03', ''),
(294, 8, '2013-10-05', ''),
(295, 16, '2013-10-05', ''),
(296, 11, '2013-10-10', ''),
(297, 8, '2013-10-13', '');

-- --------------------------------------------------------

--
-- Structure de la table `k3d_order_import_detail`
--

CREATE TABLE IF NOT EXISTS `k3d_order_import_detail` (
  `id` int(11) NOT NULL AUTO_INCREMENT,
  `idorder` int(11) NOT NULL,
  `idresource` int(11) NOT NULL,
  `count` float NOT NULL,
  `price` int(11) NOT NULL,
  PRIMARY KEY (`id`),
  KEY `k3d_order_import_detail_1` (`idorder`),
  KEY `k3d_order_import_detail_2` (`idresource`)
) ENGINE=InnoDB  DEFAULT CHARSET=utf8 COLLATE=utf8_unicode_ci AUTO_INCREMENT=486 ;

--
-- Contenu de la table `k3d_order_import_detail`
--

INSERT INTO `k3d_order_import_detail` (`id`, `idorder`, `idresource`, `count`, `price`) VALUES
(2, 7, 44, 100, 3000),
(3, 10, 53, 2, 10000),
(4, 11, 54, 2, 15000),
(5, 11, 53, 1, 15000),
(6, 11, 48, 2, 7500),
(7, 11, 55, 1, 12000),
(8, 12, 54, 2, 12500),
(9, 12, 53, 3, 13500),
(10, 12, 55, 2, 12000),
(11, 12, 48, 2, 10000),
(12, 13, 55, 1, 8000),
(13, 13, 54, 2, 11000),
(14, 13, 53, 1, 17000),
(15, 14, 53, 3, 10000),
(16, 14, 48, 1, 10000),
(17, 15, 47, 10, 9000),
(18, 14, 52, 5, 22000),
(19, 16, 54, 2, 15000),
(20, 16, 48, 3, 6700),
(23, 18, 59, 9, 26667),
(24, 18, 58, 1, 0),
(25, 19, 39, 10, 16500),
(26, 19, 40, 10, 23500),
(27, 20, 2, 5, 16000),
(28, 21, 19, 120, 13042),
(29, 21, 22, 100, 8900),
(30, 21, 20, 120, 15084),
(31, 22, 48, 3, 6700),
(32, 22, 53, 2, 12500),
(33, 22, 54, 7, 11450),
(34, 22, 56, 4, 6500),
(35, 23, 2, 5, 16000),
(36, 24, 59, 10, 27500),
(37, 25, 53, 2, 15000),
(38, 28, 2, 5, 16000),
(39, 29, 48, 2, 5000),
(40, 29, 54, 2, 13000),
(41, 29, 53, 3, 12000),
(42, 30, 27, 10, 17500),
(43, 29, 47, 10, 9000),
(44, 31, 20, 120, 15084),
(45, 32, 19, 120, 13042),
(46, 33, 27, 5, 19000),
(47, 35, 27, 10, 17500),
(48, 36, 28, 20, 2500),
(49, 37, 28, 20, 2500),
(50, 24, 61, 200, 550),
(51, 38, 28, 20, 2500),
(52, 39, 50, 1, 17000),
(53, 39, 53, 2, 11000),
(54, 39, 54, 3, 9000),
(55, 40, 2, 5, 16000),
(56, 41, 53, 2, 11000),
(57, 41, 50, 1, 15000),
(58, 42, 19, 120, 13042),
(59, 42, 21, 100, 6600),
(60, 42, 22, 100, 8900),
(61, 42, 62, 120, 11667),
(62, 42, 63, 24, 3584),
(63, 43, 50, 1, 20000),
(64, 45, 45, 44, 7000),
(65, 45, 46, 40, 7000),
(66, 46, 27, 2, 0),
(67, 46, 28, 23, 0),
(68, 46, 29, 29, 0),
(69, 46, 30, 25, 0),
(70, 46, 31, 25, 0),
(71, 46, 32, 130, 0),
(84, 46, 17, 59, 0),
(85, 48, 59, 8, 0),
(86, 48, 39, 11, 0),
(87, 48, 40, 6, 0),
(88, 48, 35, 377, 0),
(89, 49, 55, 2, 12500),
(90, 50, 2, 5, 16000),
(91, 51, 53, 2, 10500),
(92, 51, 54, 2, 12500),
(93, 52, 47, 15, 8000),
(94, 53, 61, 500, 538),
(95, 53, 39, 20, 16700),
(96, 54, 53, 3, 10000),
(97, 54, 54, 5, 12000),
(98, 54, 55, 2, 15000),
(99, 55, 2, 5, 16000),
(100, 57, 19, 240, 13042),
(101, 57, 21, 200, 6600),
(102, 57, 22, 200, 8900),
(103, 62, 53, 2, 12000),
(104, 62, 55, 2, 10000),
(105, 61, 44, 50, 3000),
(106, 61, 59, 33, 27273),
(107, 67, 31, 10, 17700),
(108, 67, 30, 10, 16800),
(109, 68, 47, 12, 8584),
(110, 68, 54, 2, 6000),
(111, 68, 53, 2, 13000),
(112, 68, 50, 1, 13000),
(113, 69, 55, 2, 10000),
(114, 69, 53, 2, 12000),
(115, 69, 54, 2, 6000),
(116, 70, 53, 3, 11660),
(117, 71, 27, 10, 17500),
(118, 72, 19, 96, 13042),
(119, 73, 19, 120, 13042),
(120, 73, 21, 200, 6600),
(121, 77, 47, 3, 15000),
(122, 77, 54, 6, 14850),
(123, 77, 55, 3, 15335),
(124, 78, 2, 3, 16000),
(125, 79, 2, 6, 16000),
(126, 80, 2, 3, 16000),
(127, 81, 53, 6, 11000),
(128, 81, 54, 5, 9000),
(129, 81, 55, 2, 12000),
(130, 82, 2, 5, 16000),
(131, 83, 28, 20, 2500),
(132, 84, 43, 40, 1700),
(133, 84, 65, 20, 15400),
(134, 84, 40, 20, 23000),
(135, 84, 39, 30, 17100),
(136, 85, 21, 200, 6600),
(137, 85, 60, 24, 7209),
(138, 86, 55, 2, 12000),
(139, 87, 47, 21, 9000),
(140, 88, 2, 4, 16000),
(141, 87, 54, 3, 7000),
(142, 89, 2, 4, 16000),
(143, 90, 53, 6, 10000),
(144, 91, 31, 10, 19500),
(145, 91, 30, 10, 16800),
(147, 92, 46, 50, 7000),
(148, 93, 27, 10, 17500),
(149, 94, 2, 3, 16000),
(150, 95, 21, 200, 6600),
(151, 96, 53, 6, 10000),
(152, 97, 61, 300, 538),
(153, 95, 74, 24, 7709),
(154, 95, 72, 24, 6167),
(155, 98, 54, 2, 5000),
(156, 98, 55, 2, 10000),
(157, 99, 2, 3, 16000),
(158, 100, 54, 6, 8333),
(159, 101, 2, 3, 16000),
(160, 102, 19, 120, 13042),
(161, 102, 21, 100, 6600),
(162, 105, 44, 48, 3000),
(163, 106, 19, 72, 13042),
(164, 106, 22, 100, 8900),
(165, 107, 2, 3, 16000),
(166, 108, 54, 2, 9000),
(167, 108, 53, 1, 15000),
(168, 112, 2, 5, 16000),
(169, 113, 20, 96, 15084),
(170, 113, 21, 200, 6600),
(171, 114, 54, 3, 8000),
(172, 115, 27, 10, 17500),
(173, 114, 52, 1, 15000),
(174, 114, 47, 2, 8000),
(175, 116, 19, 122, 13042),
(176, 116, 20, 175, 15084),
(177, 116, 21, 770, 6600),
(178, 116, 22, 168, 8900),
(179, 116, 23, 156, 10896),
(180, 116, 62, 24, 11667),
(181, 116, 26, 185, 9917),
(182, 116, 25, 228, 10834),
(183, 116, 24, 84, 8625),
(184, 116, 63, 17, 3584),
(186, 116, 64, 24, 4500),
(188, 117, 17, 59, 0),
(189, 117, 30, 25, 15500),
(190, 117, 31, 25, 19500),
(191, 117, 29, 29, 0),
(192, 117, 27, 2, 0),
(193, 117, 32, 130, 0),
(194, 117, 28, 23, 0),
(195, 111, 45, 44, 7000),
(196, 111, 46, 40, 7000),
(197, 118, 35, 377, 0),
(198, 118, 39, 11, 16500),
(199, 118, 40, 6, 23500),
(200, 118, 58, 8, 0),
(201, 118, 65, 4, 15500),
(202, 120, 54, 3, 8000),
(203, 121, 28, 20, 2500),
(204, 122, 54, 5, 10000),
(205, 122, 52, 1, 15000),
(206, 123, 29, 10, 10500),
(207, 123, 30, 10, 18500),
(208, 123, 31, 10, 20500),
(209, 124, 54, 2, 10000),
(210, 124, 52, 2, 14500),
(211, 125, 19, 120, 13042),
(212, 126, 22, 100, 8900),
(213, 127, 2, 3, 16000),
(214, 128, 2, 3, 16000),
(215, 129, 22, 100, 8900),
(216, 129, 63, 24, 3584),
(217, 130, 54, 10, 7500),
(218, 130, 52, 1.5, 14000),
(219, 130, 47, 2, 8000),
(220, 131, 20, 72, 15000),
(221, 116, 60, 22, 7209),
(222, 133, 2, 4, 16000),
(223, 134, 2, 5, 16000),
(224, 135, 2, 3, 16000),
(225, 137, 28, 20, 2500),
(226, 136, 65, 10, 15300),
(227, 138, 47, 2, 10000),
(228, 139, 65, 30, 15300),
(229, 140, 2, 5, 16000),
(230, 141, 27, 10, 17500),
(231, 142, 54, 5, 8000),
(232, 143, 61, 300, 592),
(233, 144, 22, 140, 8900),
(234, 144, 21, 160, 6600),
(235, 145, 54, 5, 6000),
(236, 145, 52, 1, 15000),
(237, 147, 19, 120, 13042),
(238, 139, 61, 50, 800),
(239, 148, 31, 20, 20800),
(240, 148, 29, 20, 10900),
(241, 148, 30, 30, 16800),
(242, 149, 61, 200, 538),
(243, 150, 54, 2, 10000),
(244, 150, 55, 2, 12000),
(245, 150, 79, 4, 6000),
(247, 152, 2, 3, 16000),
(248, 153, 28, 60, 2500),
(249, 154, 50, 2, 10000),
(250, 155, 2, 3, 16000),
(251, 156, 20, 48, 15084),
(252, 156, 21, 80, 6600),
(253, 157, 2, 2, 16000),
(254, 158, 79, 2, 6000),
(255, 158, 54, 1, 9000),
(256, 159, 2, 3, 16000),
(257, 160, 54, 2, 15000),
(258, 160, 79, 3.9, 6000),
(259, 161, 44, 24, 3000),
(260, 162, 21, 100, 6600),
(261, 163, 2, 3, 16000),
(262, 164, 2, 3, 16000),
(263, 165, 2, 3, 16000),
(264, 166, 19, 96, 13042),
(265, 166, 20, 48, 15000),
(266, 166, 22, 80, 9000),
(267, 167, 54, 3, 12000),
(268, 167, 79, 4, 6000),
(269, 168, 54, 2, 15000),
(270, 168, 79, 4, 5000),
(271, 169, 2, 3, 16000),
(272, 170, 47, 2, 12000),
(273, 170, 50, 2, 12000),
(274, 171, 47, 15, 9000),
(275, 171, 50, 1.7, 15000),
(276, 171, 54, 2, 15000),
(277, 171, 79, 3.85, 6000),
(278, 172, 27, 10, 17500),
(279, 173, 22, 100, 9000),
(280, 173, 21, 200, 6600),
(281, 174, 22, 100, 9000),
(282, 174, 21, 200, 6600),
(283, 175, 44, 45, 3000),
(284, 176, 22, 200, 9000),
(285, 177, 2, 3, 16000),
(286, 178, 2, 3, 16000),
(287, 179, 2, 3, 16000),
(288, 180, 2, 2, 16000),
(289, 181, 2, 2, 16000),
(290, 182, 2, 3, 16000),
(291, 183, 54, 3, 12000),
(292, 183, 79, 4.1, 6000),
(293, 183, 49, 1.8, 15000),
(294, 184, 49, 2.8, 15000),
(295, 184, 79, 3.9, 7000),
(296, 184, 50, 2, 10000),
(297, 185, 54, 1.8, 12000),
(298, 186, 54, 2, 15000),
(299, 186, 50, 1.3, 16000),
(300, 186, 79, 2, 7000),
(301, 187, 47, 1.3, 15000),
(302, 187, 50, 1, 15000),
(303, 187, 79, 2.1, 7000),
(304, 188, 47, 1.3, 15000),
(305, 188, 50, 1, 16000),
(306, 188, 54, 2, 15000),
(307, 189, 50, 2, 14000),
(308, 189, 55, 1.3, 12000),
(309, 189, 79, 2.4, 8000),
(310, 190, 39, 10, 17000),
(311, 191, 2, 3, 16000),
(312, 192, 54, 2, 15000),
(313, 193, 2, 3, 16000),
(314, 195, 27, 20, 16800),
(315, 196, 21, 100, 6600),
(316, 196, 19, 120, 13084),
(317, 196, 20, 48, 15000),
(318, 197, 50, 1, 15000),
(319, 198, 54, 1, 15000),
(320, 198, 50, 0.8, 20000),
(321, 198, 79, 1.9, 8000),
(322, 199, 2, 3, 16000),
(323, 200, 2, 2, 16000),
(324, 202, 21, 200, 6600),
(325, 202, 22, 100, 9000),
(326, 203, 72, 24, 6167),
(327, 203, 64, 24, 5200),
(328, 203, 60, 24, 7400),
(329, 204, 61, 500, 538),
(330, 205, 21, 100, 6600),
(331, 205, 22, 200, 9000),
(332, 206, 2, 3, 16000),
(333, 207, 2, 3, 16000),
(334, 208, 2, 3, 16000),
(335, 209, 59, 10, 27500),
(336, 209, 39, 10, 16800),
(337, 209, 40, 10, 22500),
(338, 210, 50, 1, 15000),
(339, 210, 54, 2.5, 15000),
(340, 211, 55, 1, 16000),
(341, 211, 79, 2.5, 8000),
(342, 211, 50, 1, 20000),
(343, 212, 55, 1, 14000),
(344, 212, 47, 1.2, 12000),
(345, 213, 54, 1.4, 15500),
(346, 213, 47, 5, 10000),
(347, 214, 54, 2, 16000),
(348, 214, 79, 2, 8000),
(349, 214, 55, 2, 13000),
(350, 214, 50, 2, 15000),
(351, 215, 54, 2, 17000),
(352, 216, 50, 2, 16000),
(353, 217, 50, 2, 15000),
(354, 218, 54, 2.5, 20000),
(355, 219, 50, 2, 18000),
(356, 219, 54, 3, 22000),
(357, 220, 22, 300, 9000),
(358, 221, 28, 20, 2450),
(360, 221, 29, 1, 12000),
(361, 209, 65, 10, 15500),
(362, 222, 45, 20, 7000),
(363, 223, 21, 100, 6600),
(364, 223, 19, 72, 13084),
(365, 223, 22, 200, 9000),
(366, 223, 20, 48, 15000),
(367, 225, 2, 3, 16000),
(368, 226, 2, 3, 16000),
(369, 227, 2, 3, 16000),
(370, 228, 2, 3, 16000),
(371, 229, 2, 1, 15000),
(372, 230, 2, 3, 16000),
(373, 231, 20, 48, 15000),
(374, 232, 54, 2, 22000),
(375, 232, 55, 1.3, 15000),
(376, 232, 79, 1.5, 8000),
(377, 233, 79, 1.5, 8000),
(378, 234, 79, 1.8, 8000),
(379, 234, 47, 2, 16000),
(380, 234, 50, 2, 12000),
(381, 235, 54, 3, 20000),
(382, 236, 79, 3.8, 8000),
(383, 236, 54, 0, 10000),
(384, 236, 50, 2, 13000),
(385, 237, 79, 3.5, 8000),
(386, 237, 50, 4, 14000),
(387, 238, 54, 4, 22000),
(388, 238, 55, 1.6, 13000),
(389, 240, 29, 9, 10900),
(390, 240, 30, 20, 18300),
(391, 240, 31, 20, 22500),
(392, 241, 19, 96, 13334),
(393, 242, 19, 120, 13084),
(394, 242, 20, 48, 15000),
(395, 242, 22, 300, 9000),
(396, 242, 21, 200, 6600),
(397, 243, 44, 5, 3000),
(398, 244, 28, 40, 2450),
(399, 244, 27, 9, 17500),
(400, 245, 2, 3, 16000),
(401, 246, 2, 3, 16000),
(402, 247, 2, 3, 16000),
(403, 248, 2, 3, 16000),
(404, 249, 54, 3.5, 20000),
(405, 249, 55, 0.5, 8000),
(406, 249, 79, 2, 8000),
(407, 250, 50, 2.1, 12000),
(408, 250, 55, 1.5, 13000),
(409, 251, 54, 1, 20000),
(410, 251, 79, 4, 9000),
(411, 251, 50, 2, 15000),
(412, 252, 54, 3, 18500),
(413, 252, 79, 2.1, 8000),
(414, 252, 55, 3, 8000),
(415, 252, 47, 3, 8000),
(416, 252, 50, 3, 12000),
(417, 253, 59, 10, 26000),
(418, 254, 2, 3, 16000),
(419, 255, 2, 3, 16000),
(420, 256, 21, 200, 6600),
(421, 256, 26, 72, 9917),
(422, 256, 60, 24, 6084),
(423, 257, 2, 3, 16000),
(424, 258, 19, 240, 13042),
(425, 260, 61, 50, 800),
(426, 261, 2, 3, 16000),
(427, 262, 22, 200, 8900),
(428, 263, 61, 500, 800),
(429, 264, 2, 4, 16000),
(430, 265, 63, 24, 3584),
(431, 265, 72, 24, 6375),
(432, 266, 2, 3, 16000),
(433, 267, 65, 30, 15300),
(434, 267, 40, 10, 22500),
(435, 267, 39, 20, 17100),
(436, 268, 2, 3, 16000),
(437, 269, 21, 200, 6600),
(438, 270, 27, 15, 20000),
(439, 270, 80, 10, 11500),
(440, 270, 81, 4, 9700),
(441, 271, 51, 2, 29000),
(442, 271, 50, 4, 10000),
(443, 271, 53, 1, 16000),
(444, 271, 79, 3, 5000),
(445, 271, 82, 1, 10000),
(446, 272, 58, 25, 23000),
(447, 273, 59, 7, 33000),
(448, 274, 83, 240, 8000),
(449, 277, 19, 120, 13084),
(450, 277, 22, 200, 9000),
(451, 278, 28, 40, 2400),
(452, 278, 29, 20, 10300),
(453, 278, 30, 17, 5500),
(454, 278, 31, 30, 6200),
(455, 279, 48, 2, 6000),
(456, 279, 50, 6, 11000),
(457, 279, 47, 10, 14000),
(458, 279, 55, 2, 17000),
(459, 279, 84, 5, 6000),
(460, 280, 44, 50, 3000),
(461, 281, 20, 96, 15417),
(462, 282, 85, 1000, 550),
(463, 283, 55, 1, 15000),
(464, 283, 82, 2, 10000),
(465, 285, 50, 2, 12000),
(466, 285, 84, 3, 7000),
(467, 286, 88, 50, 11000),
(468, 287, 86, 120, 13084),
(469, 287, 89, 100, 6600),
(470, 287, 90, 100, 9000),
(471, 288, 60, 24, 6250),
(472, 289, 47, 10, 15000),
(473, 289, 50, 2.5, 12000),
(474, 289, 55, 2.5, 12000),
(475, 290, 22, 100, 9000),
(476, 290, 21, 100, 6600),
(477, 292, 50, 4, 20000),
(478, 293, 43, 100, 1200),
(479, 294, 21, 100, 6600),
(480, 294, 22, 100, 9500),
(481, 294, 64, 24, 4459),
(482, 295, 88, 50, 11000),
(483, 296, 96, 50, 16000),
(484, 297, 21, 100, 6600),
(485, 297, 22, 100, 9500);

-- --------------------------------------------------------

--
-- Structure de la table `k3d_paid_customer`
--

CREATE TABLE IF NOT EXISTS `k3d_paid_customer` (
  `id` int(11) NOT NULL AUTO_INCREMENT,
  `idcustomer` int(11) NOT NULL,
  `date` date NOT NULL,
  `value` int(11) NOT NULL,
  `note` varchar(50) COLLATE utf8_unicode_ci DEFAULT NULL,
  PRIMARY KEY (`id`),
  KEY `k3d_customer_paid_1` (`idcustomer`)
) ENGINE=InnoDB  DEFAULT CHARSET=utf8 COLLATE=utf8_unicode_ci AUTO_INCREMENT=19 ;

--
-- Contenu de la table `k3d_paid_customer`
--

INSERT INTO `k3d_paid_customer` (`id`, `idcustomer`, `date`, `value`, `note`) VALUES
(18, 1, '2013-05-16', 1, '');

-- --------------------------------------------------------

--
-- Structure de la table `k3d_paid_general`
--

CREATE TABLE IF NOT EXISTS `k3d_paid_general` (
  `id` int(11) NOT NULL AUTO_INCREMENT,
  `id_term` int(11) NOT NULL,
  `date` date NOT NULL,
  `value` int(11) NOT NULL,
  `note` varchar(50) COLLATE utf8_unicode_ci DEFAULT NULL,
  PRIMARY KEY (`id`),
  KEY `k3d_paid_1` (`id_term`)
) ENGINE=InnoDB  DEFAULT CHARSET=utf8 COLLATE=utf8_unicode_ci AUTO_INCREMENT=154 ;

--
-- Contenu de la table `k3d_paid_general`
--

INSERT INTO `k3d_paid_general` (`id`, `id_term`, `date`, `value`, `note`) VALUES
(9, 10, '2013-04-01', 157000, 'Chi tiền chợ'),
(10, 10, '2013-04-02', 146000, 'Tiền chợ'),
(11, 10, '2013-04-03', 189000, 'Tiền chợ'),
(12, 10, '2013-04-04', 184000, 'Tiền chợ'),
(13, 10, '2013-04-05', 173000, 'Tiền chợ'),
(14, 10, '2013-04-06', 213000, 'Tiền chợ'),
(15, 10, '2013-04-07', 123000, 'Tiền chợ'),
(16, 10, '2013-04-08', 224000, 'Tiền chợ'),
(17, 10, '2013-04-09', 200000, 'Tiền chợ'),
(19, 11, '2013-04-09', 57000, 'Tiền mua trái cây + bông cúng'),
(20, 11, '2013-04-06', 163000, 'Chi mua đồ điện '),
(21, 11, '2013-04-08', 250000, 'Mua CB'),
(22, 11, '2013-04-07', 57000, 'Trái cây cúng+bao kiếng trái cây'),
(23, 10, '2013-04-10', 102000, 'Tiền chợ'),
(25, 10, '2013-04-11', 106000, 'Tiền chợ'),
(26, 11, '2013-04-11', 30000, 'Trái cây cúng'),
(27, 10, '2013-04-13', 163000, 'Tiền chợ'),
(28, 11, '2013-04-13', 465000, 'Tiếp khách(Công An phường)\r\n'),
(31, 11, '2013-04-14', 400000, 'Nhập bình gas'),
(32, 11, '2013-04-14', 127000, 'Bông+trái cây cúng,Khoai mon làm chả giò,Nước rửa '),
(33, 10, '2013-04-14', 221000, 'Tiền chợ'),
(34, 10, '2013-04-15', 122000, 'Tiền chợ'),
(35, 10, '2013-04-17', 222000, 'Tiền chợ'),
(36, 10, '2013-04-18', 118000, 'Tiền chợ'),
(38, 10, '2013-04-19', 122000, 'Tiền chợ'),
(39, 10, '2013-04-20', 134000, 'Tiền chợ\r\n'),
(40, 11, '2013-04-19', 38000, 'Mua tương ớt + phô mai cho khách'),
(41, 11, '2013-04-20', 38000, 'Chai lau kiếng+bông cúng+bao kiếng trái cây\r\n'),
(42, 10, '2013-04-22', 120000, 'Tiền chợ\r\n'),
(43, 1, '2013-04-20', 649000, 'Tiền điện sinh hoạt'),
(44, 11, '2013-04-22', 42000, 'Bông + trái cây cúng,Tiền cafe Anh 2 tiếp khách'),
(45, 10, '2013-04-23', 97000, 'Tiền chợ'),
(46, 11, '2013-04-23', 34000, 'Trái cây cúng'),
(47, 10, '2013-04-24', 65000, 'Tiền chợ'),
(48, 11, '2013-04-24', 21000, 'Mua hóa đơn bán lẻ\r\n'),
(49, 10, '2013-04-25', 177000, 'Tiền chợ'),
(50, 11, '2013-04-25', 26000, 'Bông cúng+bọc đựng da cá basa'),
(51, 10, '2013-04-26', 100000, 'Tiền chợ'),
(52, 10, '2013-04-27', 102000, 'Tiền chợ'),
(53, 11, '2013-04-27', 168000, 'Trả tiền vật liệu(cát)+bình nước lọc(2 bình)'),
(54, 10, '2013-04-28', 103000, 'Tiền chợ'),
(55, 10, '2013-04-29', 126000, 'Tiền chợ'),
(56, 11, '2013-04-29', 19000, 'Muối+ớt làm rang muối'),
(57, 10, '2013-05-01', 95000, 'Tiền chợ'),
(58, 11, '2013-05-01', 24000, 'Bao kiếng trái cây(3 bao)'),
(59, 10, '2013-05-03', 183000, 'Tiền chợ'),
(60, 10, '2013-05-02', 62000, 'Tiền chợ'),
(61, 10, '2013-05-04', 85000, 'Tiền chợ'),
(62, 10, '2013-05-05', 89000, 'Tiền chợ\r\n'),
(63, 10, '2013-05-06', 32000, 'Tiền chợ'),
(65, 1, '2013-04-30', 6000000, ''),
(66, 2, '2013-04-30', 1500000, 'Tạm tính'),
(67, 10, '2013-05-07', 211000, 'Tiền chợ\r\n'),
(68, 11, '2013-05-07', 136000, 'Nấu cháo gà( Anh Khoa)\r\n'),
(69, 11, '2013-05-08', 7000, 'Mua hóa đơn bán lẻ'),
(70, 10, '2013-05-08', 115000, 'Tiền chợ'),
(71, 10, '2013-05-09', 117000, 'Tiền chợ'),
(72, 11, '2013-05-10', 6000, 'Cafe cho tài xế của khách'),
(73, 10, '2013-05-10', 81000, 'Tiền chợ'),
(74, 10, '2013-05-11', 99000, 'Tiền chợ\r\n'),
(75, 10, '2013-05-12', 330000, 'Tiền chợ'),
(76, 10, '2013-05-13', 85000, 'Tiền chợ\r\n'),
(77, 10, '2013-05-14', 74500, 'Tiền chợ'),
(78, 11, '2013-05-12', 141000, 'Mua chổi+cây lau nhà'),
(79, 3, '2013-04-30', 5600000, 'Thuế TTĐB'),
(81, 10, '2013-05-15', 221000, ''),
(82, 10, '2013-05-16', 106000, ''),
(83, 10, '2013-05-17', 129000, ''),
(85, 10, '2013-05-18', 99000, ''),
(86, 10, '2013-05-19', 85000, ''),
(87, 11, '2013-05-19', 414000, 'Bình gas+nguyên liệu làm motor'),
(88, 10, '2013-05-20', 40000, ''),
(89, 10, '2013-05-21', 73000, 'Tiền chợ\r\n'),
(90, 10, '2013-05-22', 102000, 'Tiền chợ'),
(91, 10, '2013-05-23', 169500, 'Tiền chợ'),
(92, 11, '2013-05-21', 3289000, 'Mua tập điểm 10 Thiên long + dầu gội(Anh Khoa)'),
(93, 11, '2013-05-22', 150000, 'Bông,trái cây cúng + mua sách'),
(94, 10, '2013-05-24', 100000, ''),
(95, 10, '2013-05-25', 200000, ''),
(96, 10, '2013-05-26', 199000, ''),
(97, 10, '2013-05-27', 91000, ''),
(98, 10, '2013-05-28', 180000, ''),
(99, 11, '2013-05-25', 91000, 'Bọc đựng rác+Pin remos'),
(100, 11, '2013-05-27', 100000, 'Cắt bảng mica(2 cái)'),
(101, 10, '2013-05-29', 160000, ''),
(102, 10, '2013-05-30', 235000, ''),
(103, 10, '2013-05-31', 93000, ''),
(104, 10, '2013-05-01', 132000, ''),
(105, 11, '2013-05-31', 132000, ''),
(106, 10, '2013-06-01', 132000, ''),
(107, 10, '2013-06-02', 155000, ''),
(108, 10, '2013-06-03', 105000, ''),
(109, 10, '2013-06-04', 50000, ''),
(111, 3, '2013-07-31', 1500000, 'Thuế TTĐB Tháng 07'),
(112, 1, '2013-07-31', 4000000, 'Tiền điện tháng 07'),
(113, 2, '2013-07-31', 2000000, 'Tiền nước sinh hoạt tháng 07'),
(115, 10, '2013-06-05', 45000, ''),
(116, 10, '2013-06-06', 65000, ''),
(117, 10, '2013-06-07', 199000, ''),
(118, 10, '2013-06-08', 97000, ''),
(119, 10, '2013-06-10', 192000, ''),
(120, 10, '2013-06-11', 76000, ''),
(121, 10, '2013-06-12', 73000, ''),
(122, 10, '2013-06-13', 75000, ''),
(123, 10, '2013-06-14', 70000, ''),
(124, 10, '2013-06-15', 175000, ''),
(125, 10, '2013-06-16', 73000, ''),
(126, 10, '2013-06-17', 73000, ''),
(127, 10, '2013-06-18', 222000, ''),
(128, 10, '2013-06-21', 180000, ''),
(129, 10, '2013-06-22', 100000, ''),
(130, 10, '2013-06-24', 128000, ''),
(131, 10, '2013-06-27', 277000, ''),
(132, 10, '2013-06-30', 164000, ''),
(135, 10, '2013-07-03', 195000, ''),
(136, 10, '2013-07-05', 116000, ''),
(137, 10, '2013-07-07', 183000, ''),
(138, 10, '2013-07-09', 223000, ''),
(139, 10, '2013-07-12', 265000, ''),
(140, 10, '2013-07-15', 187000, ''),
(141, 10, '2013-07-18', 265000, ''),
(142, 10, '2013-07-20', 100000, ''),
(143, 10, '2013-07-21', 82000, ''),
(144, 10, '2013-07-23', 425000, ''),
(145, 10, '2013-07-26', 315000, ''),
(146, 10, '2013-07-29', 185000, ''),
(147, 10, '2013-07-31', 703000, ''),
(148, 10, '2013-08-02', 87000, ''),
(149, 10, '2013-08-05', 60000, ''),
(150, 10, '2013-08-06', 87000, ''),
(151, 10, '2013-08-08', 65000, ''),
(152, 10, '2013-08-09', 51000, ''),
(153, 10, '2013-10-06', 1000000, 'chung');

-- --------------------------------------------------------

--
-- Structure de la table `k3d_paid_pay_roll`
--

CREATE TABLE IF NOT EXISTS `k3d_paid_pay_roll` (
  `id` int(11) NOT NULL AUTO_INCREMENT,
  `idemployee` int(11) NOT NULL,
  `date` date NOT NULL,
  `value_base` int(11) NOT NULL,
  `value_sub` int(11) NOT NULL,
  `value_pre` int(11) NOT NULL,
  `note` varchar(50) COLLATE utf8_unicode_ci DEFAULT NULL,
  PRIMARY KEY (`id`),
  KEY `k3d_paid_pay_roll_1` (`idemployee`)
) ENGINE=InnoDB  DEFAULT CHARSET=utf8 COLLATE=utf8_unicode_ci AUTO_INCREMENT=13 ;

--
-- Contenu de la table `k3d_paid_pay_roll`
--

INSERT INTO `k3d_paid_pay_roll` (`id`, `idemployee`, `date`, `value_base`, `value_sub`, `value_pre`, `note`) VALUES
(4, 1, '2013-07-31', 2500000, 0, 1000000, ''),
(5, 2, '2013-07-31', 2000000, 372000, 2372000, 'PC: 1240chai x 300đ'),
(7, 3, '2013-07-31', 2000000, 0, 500000, ''),
(8, 4, '2013-07-31', 2500000, 0, 0, ''),
(9, 2, '2013-08-31', 2000000, 0, 0, NULL),
(10, 3, '2013-08-31', 2000000, 0, 1000000, ''),
(11, 4, '2013-08-31', 2500000, 0, 0, NULL),
(12, 5, '2013-08-31', 2500000, 0, 0, '');

-- --------------------------------------------------------

--
-- Structure de la table `k3d_paid_supplier`
--

CREATE TABLE IF NOT EXISTS `k3d_paid_supplier` (
  `id` int(11) NOT NULL AUTO_INCREMENT,
  `idsupplier` int(11) NOT NULL,
  `date` date NOT NULL,
  `value` int(11) NOT NULL,
  `note` varchar(50) COLLATE utf8_unicode_ci DEFAULT NULL,
  PRIMARY KEY (`id`),
  KEY `k3d_supplier_paid_1` (`idsupplier`)
) ENGINE=InnoDB  DEFAULT CHARSET=utf8 COLLATE=utf8_unicode_ci AUTO_INCREMENT=18 ;

--
-- Contenu de la table `k3d_paid_supplier`
--

INSERT INTO `k3d_paid_supplier` (`id`, `idsupplier`, `date`, `value`, `note`) VALUES
(1, 1, '2012-08-01', 2300000, 'được không ?'),
(2, 1, '2012-07-03', 350000, 'Ghi chú gì đây'),
(3, 1, '2012-07-26', 750000, 'Ghi ghi gì gì đó'),
(8, 6, '2012-09-19', 1000000, 'Thử nè được không đó !'),
(9, 1, '2012-09-19', 1000000, 'lung tung quá đi'),
(11, 1, '2012-01-01', 123, 'sdfdsfggf'),
(12, 1, '2012-09-24', 1230000, 'đâu biết'),
(13, 1, '2012-09-24', 1213232, ''),
(14, 1, '2012-09-24', 34243243, ''),
(15, 1, '2012-09-24', 21323, ''),
(16, 1, '2012-09-24', 123323, ''),
(17, 1, '2012-09-24', 21323, '');

-- --------------------------------------------------------

--
-- Structure de la table `k3d_r2c`
--

CREATE TABLE IF NOT EXISTS `k3d_r2c` (
  `id` int(11) NOT NULL AUTO_INCREMENT,
  `id_course` int(11) NOT NULL,
  `id_resource` int(11) NOT NULL,
  `value1` double NOT NULL,
  `value2` double NOT NULL,
  PRIMARY KEY (`id`),
  KEY `k3d_r2c_1` (`id_course`),
  KEY `k3d_r2c_2` (`id_resource`)
) ENGINE=InnoDB  DEFAULT CHARSET=utf8 COLLATE=utf8_unicode_ci AUTO_INCREMENT=103 ;

--
-- Contenu de la table `k3d_r2c`
--

INSERT INTO `k3d_r2c` (`id`, `id_course`, `id_resource`, `value1`, `value2`) VALUES
(28, 114, 24, 1, 1),
(29, 108, 20, 1, 1),
(30, 113, 23, 1, 1),
(33, 107, 19, 1, 1),
(34, 111, 21, 1, 1),
(35, 112, 22, 1, 1),
(36, 137, 26, 1, 1),
(37, 140, 62, 1, 1),
(38, 138, 25, 1, 1),
(39, 128, 69, 24, 1),
(40, 54, 64, 24, 1),
(41, 126, 63, 24, 1),
(42, 55, 74, 24, 1),
(43, 129, 73, 24, 1),
(44, 56, 75, 24, 1),
(45, 127, 72, 24, 1),
(46, 136, 71, 24, 1),
(47, 53, 70, 24, 1),
(49, 134, 58, 1, 1),
(51, 119, 30, 1, 1),
(62, 142, 46, 1, 1),
(63, 118, 29, 1, 1),
(64, 122, 28, 1, 1),
(65, 141, 45, 1, 1),
(66, 139, 44, 1, 1),
(67, 147, 76, 1, 1),
(69, 144, 59, 1, 1),
(70, 120, 31, 1, 1),
(71, 146, 77, 20, 1),
(72, 117, 78, 1, 1),
(75, 121, 27, 1, 1),
(76, 15, 65, 1, 1),
(77, 116, 39, 1, 1),
(78, 115, 40, 1, 1),
(79, 125, 32, 1, 1),
(80, 123, 36, 1, 1),
(81, 124, 35, 1, 1),
(82, 143, 60, 24, 1),
(83, 149, 2, 20, 1),
(93, 110, 47, 4, 1),
(94, 110, 54, 4, 1),
(95, 110, 79, 8, 1),
(96, 110, 55, 5, 1),
(97, 152, 79, 10, 1),
(98, 153, 54, 5, 1),
(99, 151, 47, 5, 1),
(100, 150, 52, 5, 1),
(101, 155, 83, 1, 1),
(102, 158, 80, 1, 1);

-- --------------------------------------------------------

--
-- Structure de la table `k3d_resource`
--

CREATE TABLE IF NOT EXISTS `k3d_resource` (
  `id` int(9) NOT NULL AUTO_INCREMENT,
  `idsupplier` int(11) NOT NULL,
  `name` varchar(100) COLLATE utf8_unicode_ci NOT NULL,
  `unit` varchar(15) COLLATE utf8_unicode_ci NOT NULL,
  `price` int(10) NOT NULL,
  `description` varchar(100) COLLATE utf8_unicode_ci NOT NULL,
  PRIMARY KEY (`id`),
  KEY `k3d_resource_1` (`idsupplier`)
) ENGINE=InnoDB  DEFAULT CHARSET=utf8 COLLATE=utf8_unicode_ci AUTO_INCREMENT=97 ;

--
-- Contenu de la table `k3d_resource`
--

INSERT INTO `k3d_resource` (`id`, `idsupplier`, `name`, `unit`, `price`, `description`) VALUES
(2, 1, 'Đá viên lớn', 'Kg', 800, 'Nước đá cưa - Bao 20kg'),
(14, 1, 'Nước đá ướp', 'Kg', 800, 'Đá cây ướp bia'),
(17, 6, 'Bánh', 'Gói', 5000, ''),
(19, 8, 'Heniken', 'Chai', 13042, ''),
(20, 8, 'HENIKEN', 'Lon', 15084, 'Thùng 24 lon'),
(21, 8, 'Sài gòn đỏ', 'Chai', 6600, 'Két 20 chai'),
(22, 8, 'Sài gòn Special', 'Chai', 8900, 'Két 20 chai'),
(23, 8, 'Sài gòn SPECIAL', 'Lon', 10896, 'Thùng 24 lon'),
(24, 8, 'Bia 333', 'Lon', 8625, 'Thùng 24 lon'),
(25, 8, 'Tiger Bạc', 'Chai', 10834, 'Két 24 chai'),
(26, 8, 'Tiger', 'Chai', 9917, 'Két 24 chai'),
(27, 6, 'Xúc Xích', 'Gói', 17000, ''),
(28, 6, 'CW DOUBLEMINT', 'Cây', 2000, ''),
(29, 6, 'Chả Giò', 'Gói', 10300, ''),
(30, 6, 'Khô Bò', 'Gói', 5500, ''),
(31, 6, 'Mít Sấy', 'Gói', 6200, ''),
(32, 6, 'Đậu Phộng ', 'Gói', 7000, ''),
(35, 9, 'Đậu Phộng sấy', 'Bịch', 5000, '5000'),
(36, 9, 'Đậu Phộng chiên', 'Bịch', 5000, ''),
(39, 9, 'Thuốc Craven', 'Gói', 16500, ''),
(40, 9, 'Thuốc 555', 'Gói', 23500, ''),
(43, 9, 'Quẹt gas', 'Cái', 1700, ''),
(44, 9, 'Đậu Nành rang', 'Gói', 3000, 'Mua ngoài'),
(45, 11, 'Cơm Cháy', 'Gói', 7000, ''),
(46, 11, 'Cá Cơm', 'Gói', 7000, '0'),
(47, 12, 'Ổi', 'Kg', 9000, ''),
(48, 12, 'Củ Sắn', 'Kg', 15000, ''),
(49, 12, 'Mít', 'Kg', 18000, ''),
(50, 12, 'Chôm Chôm', 'Kg', 10000, ''),
(51, 12, 'Xoài Thái', 'Kg', 15000, ''),
(52, 12, 'Xoài ĐàiLoan', 'Kg', 15000, ''),
(53, 12, 'Xoài chua', 'Kg', 15000, ''),
(54, 12, 'Mận', 'Kg', 10000, ''),
(55, 12, 'Sơ ri', 'Kg', 12000, ''),
(56, 12, 'Thơm', 'Kg', 12000, ''),
(57, 12, 'Khóm', 'Kg', 10000, ''),
(58, 9, 'Khô Mực', 'Con', 22000, ''),
(59, 9, 'Khô Mực I', 'Con', 30000, ''),
(60, 8, 'Sting', 'Lon', 7208, 'Thùng 24 lon'),
(61, 9, 'Khăn Lạnh', 'Cái', 800, ''),
(62, 8, 'TIGER', 'Lon', 11667, 'Thùng 24 lon'),
(63, 8, 'Lavie 500ml', 'Chai', 3584, 'Thùng 24 chai'),
(64, 8, 'C2', 'Chai', 4500, 'Thùng 24 chai'),
(65, 9, 'Thuốc Hút', 'Gói', 15500, ''),
(66, 9, 'Bánh tráng rế', 'Bịch', 15000, 'Bánh tráng gói chả giò rế'),
(67, 9, 'Thịt ghẹ', 'Kg', 80000, 'Thịt ghẹ gói chả giò rế'),
(68, 9, 'Khoai cao', 'Kg', 30000, 'Khoai cao gói chả giò rế'),
(69, 8, '7 Up', 'Lon', 6375, 'Thùng 24 lon'),
(70, 8, 'Trà Xanh', 'Chai', 6583, 'Thùng 24 chai'),
(71, 8, 'Red Bull', 'Lon', 6200, 'Thùng 30 lon'),
(72, 8, 'Pepsi', 'Lon', 6375, 'Thùng 24 lon'),
(73, 8, 'Mirinda Cam', 'Lon', 5417, 'Thùng 24 lon'),
(74, 8, 'Dr Thanh', 'Chai', 7750, 'Thùng 24 chai'),
(75, 8, 'Nước Yến', 'Lon', 5917, 'Thùng 24 lon'),
(76, 9, 'Đậu Nành sấy', 'Gói', 5000, ''),
(77, 9, 'Nhái Khô', 'Kg', 600000, ''),
(78, 6, 'Oshi', 'Gói', 5000, ''),
(79, 12, 'Dưa Hấu', 'Kg', 10000, ''),
(80, 6, 'Xúc Xích N', 'Gói', 11500, ''),
(81, 6, 'Tương ớt cay', 'Chai', 9700, ''),
(82, 12, 'Táo', 'Kg', 10000, ''),
(83, 15, 'SAGOTA', 'Lon', 8000, ''),
(84, 12, 'Cóc', 'Kg', 6000, ''),
(85, 14, 'Khăn Lạnh', 'Cái', 550, ''),
(86, 13, 'Heniken', 'Chai', 13083, ''),
(87, 13, 'HENIKEN', 'Lon', 10834, ''),
(88, 16, 'Gạo', 'Kg', 11000, ''),
(89, 13, 'Sài Gòn đỏ', 'Chai', 6600, 'Két 20 chai'),
(90, 13, 'Sài Gòn Special', 'Chai', 9000, 'Két 20 chai'),
(91, 1, 'Đá ống viên lớn', 'Kg', 800, 'Bao 20kg'),
(92, 17, 'Phô Mai', 'Hộp', 14334, '0'),
(93, 17, 'Xúc Xích N', 'Gói', 10500, 'Xúc xích nhỏ'),
(94, 17, 'Xúc Xích', 'Gói', 17800, ''),
(95, 17, 'Khăn giấy', 'Gói', 1800, ''),
(96, 11, 'Đậu Hà Lan', 'Gói', 16000, '');

-- --------------------------------------------------------

--
-- Structure de la table `k3d_session`
--

CREATE TABLE IF NOT EXISTS `k3d_session` (
  `id` int(11) NOT NULL AUTO_INCREMENT,
  `idtable` int(11) NOT NULL,
  `iduser` int(11) NOT NULL,
  `idcustomer` int(11) NOT NULL,
  `datetime` datetime NOT NULL,
  `datetimeend` datetime DEFAULT NULL,
  `note` varchar(50) COLLATE utf8_unicode_ci NOT NULL,
  `status` int(11) NOT NULL,
  `discount_value` int(11) NOT NULL,
  `discount_percent` int(11) NOT NULL,
  `surtax` int(11) NOT NULL,
  `payment` int(11) NOT NULL,
  `value` int(11) NOT NULL,
  PRIMARY KEY (`id`),
  KEY `idtable` (`idtable`),
  KEY `iduser` (`iduser`),
  KEY `k3d_session_3` (`idcustomer`)
) ENGINE=InnoDB  DEFAULT CHARSET=utf8 COLLATE=utf8_unicode_ci AUTO_INCREMENT=1083 ;

--
-- Contenu de la table `k3d_session`
--

INSERT INTO `k3d_session` (`id`, `idtable`, `iduser`, `idcustomer`, `datetime`, `datetimeend`, `note`, `status`, `discount_value`, `discount_percent`, `surtax`, `payment`, `value`) VALUES
(158, 2, 3, 1, '2013-04-06 17:20:27', '2013-04-06 18:20:00', '', 1, 0, 0, 0, 0, 275000),
(162, 16, 3, 1, '2013-04-07 20:24:15', '2013-04-07 21:52:00', '', 1, 0, 0, 0, 0, 312000),
(163, 27, 3, 1, '2013-04-08 00:25:37', '2013-04-08 03:10:00', '', 1, 0, 0, 0, 0, 802000),
(164, 26, 3, 1, '2013-04-08 00:44:28', '2013-04-08 02:21:00', 'Ghi chú:Phụ thu thêm chả giò', 1, 0, 0, 70000, 0, 950000),
(165, 2, 3, 1, '2013-04-08 17:50:25', '2013-04-08 19:25:00', '', 1, 0, 0, 0, 0, 434000),
(166, 16, 3, 18, '2013-04-08 18:43:42', '2013-04-08 19:53:00', 'Anh Cường nợ', 1, 0, 0, 0, 0, 402000),
(168, 2, 3, 1, '2013-04-08 21:42:07', '2013-04-08 23:52:00', 'Phụ thụ : Thuốc Jet', 1, 0, 0, 25000, 0, 576000),
(169, 16, 3, 1, '2013-04-08 23:00:00', '2013-04-09 00:00:00', '', 1, 0, 0, 0, 0, 403000),
(170, 1, 3, 1, '2013-04-08 23:29:12', '2013-04-09 01:05:00', '', 1, 0, 0, 0, 500000, 304000),
(171, 17, 3, 1, '2013-04-09 00:00:00', '2013-04-09 01:15:00', '', 1, 0, 0, 0, 0, 347000),
(172, 1, 3, 1, '2013-04-09 01:05:00', '2013-04-09 02:05:00', '', 1, 0, 0, 0, 0, 150000),
(173, 2, 3, 1, '2013-04-09 19:46:26', '2013-04-09 21:05:00', '', 1, 0, 0, 0, 0, 400000),
(174, 2, 3, 1, '2013-04-09 22:06:58', '2013-04-09 23:20:00', 'Ghi chú : Phụ thu thuốc hút', 1, 0, 0, 25000, 0, 321000),
(175, 15, 3, 1, '2013-04-09 22:54:01', '2013-04-10 01:05:00', 'Phụ thu: 2  Sting', 1, 0, 0, 24000, 0, 378000),
(176, 27, 3, 1, '2013-04-10 00:24:25', '2013-04-10 01:50:00', '', 1, 0, 0, 0, 0, 317000),
(178, 17, 3, 1, '2013-04-10 19:33:00', '2013-04-10 21:30:00', '', 1, 0, 0, 0, 0, 559000),
(179, 16, 3, 1, '2013-04-10 21:16:15', '2013-04-10 22:22:00', '', 1, 0, 0, 0, 0, 109000),
(180, 2, 3, 1, '2013-04-11 00:15:24', '2013-04-11 01:30:00', '', 1, 0, 0, 0, 0, 429000),
(181, 16, 3, 1, '2013-04-11 00:57:46', '2013-04-11 03:10:00', '', 1, 0, 0, 0, 0, 513000),
(182, 17, 3, 1, '2013-04-11 01:36:37', '2013-04-11 03:20:00', '', 1, 0, 0, 0, 0, 464000),
(183, 2, 3, 1, '2013-04-11 16:15:00', '2013-04-11 17:05:00', '', 1, 0, 0, 0, 0, 188000),
(184, 2, 3, 1, '2013-04-11 19:57:56', '2013-04-11 20:57:00', '', 1, 0, 0, 0, 0, 280000),
(186, 27, 3, 1, '2013-04-11 20:05:00', '2013-04-11 21:50:00', '', 1, 0, 0, 0, 0, 412000),
(187, 3, 3, 16, '2013-04-11 20:28:24', '2013-04-11 23:15:00', 'Anh Tâm nợ', 1, 0, 0, 0, 0, 358000),
(188, 2, 3, 1, '2013-04-11 22:00:35', '2013-04-11 22:50:00', '', 1, 0, 0, 0, 0, 196000),
(189, 17, 3, 1, '2013-04-11 23:16:51', '2013-04-12 01:05:00', '', 1, 0, 0, 0, 0, 519000),
(190, 2, 3, 1, '2013-04-11 23:41:43', '2013-04-12 01:15:00', '', 1, 0, 0, 0, 0, 436000),
(191, 16, 3, 1, '2013-04-11 23:43:48', '2013-04-12 03:05:00', '', 1, 0, 0, 0, 0, 498000),
(192, 27, 3, 1, '2013-04-11 23:43:53', '2013-04-12 01:47:00', 'Ghi chú phụ thu: Thuốc hút 2 gói,Mì trứng', 1, 0, 0, 60000, 0, 870000),
(193, 1, 3, 1, '2013-04-11 23:50:28', '2013-04-12 01:30:00', '', 1, 0, 0, 0, 0, 451000),
(194, 26, 3, 1, '2013-04-12 00:23:39', '2013-04-12 01:52:00', 'Ghi chú: Phụ thu thuốc hút', 1, 0, 0, 25000, 0, 389000),
(195, 15, 3, 1, '2013-04-12 00:30:00', '2013-04-12 02:40:00', '', 1, 0, 0, 0, 0, 850000),
(196, 2, 3, 1, '2013-04-12 14:45:00', '2013-04-12 16:30:00', 'Ghi chú:Phụ thu thuốc hút,mì trứng', 1, 0, 0, 40000, 0, 523000),
(197, 27, 3, 1, '2013-04-12 16:35:58', '2013-04-12 18:35:00', 'Ghi chú:Phụ thu bánh mì chả lụa', 1, 0, 0, 200000, 0, 1475000),
(198, 2, 3, 1, '2013-04-12 19:56:12', '2013-04-12 21:40:00', 'Ghi chú : Phụ thu thuốc hút', 1, 0, 0, 25000, 0, 597000),
(199, 16, 3, 1, '2013-04-12 21:28:19', '2013-04-12 22:38:00', '', 1, 0, 0, 0, 0, 359000),
(200, 2, 3, 1, '2013-04-12 22:04:33', '2013-04-13 00:13:00', '', 1, 0, 0, 0, 0, 327000),
(201, 17, 3, 1, '2013-04-12 22:47:15', '2013-04-13 00:00:00', '', 1, 0, 0, 0, 0, 265000),
(202, 14, 3, 1, '2013-04-12 22:52:00', '2013-04-12 23:55:00', '', 1, 0, 0, 0, 0, 404000),
(204, 16, 3, 1, '2013-04-12 23:01:00', '2013-04-13 01:25:00', '', 1, 0, 0, 0, 0, 781000),
(205, 1, 3, 1, '2013-04-13 00:14:04', '2013-04-13 02:26:00', 'Ghi chú : Cộng tiền thối dư ', 1, 0, 0, 6000, 0, 400000),
(206, 27, 3, 1, '2013-04-13 00:28:58', '2013-04-13 01:37:00', '', 1, 0, 0, 0, 0, 323000),
(207, 2, 3, 1, '2013-04-13 18:27:16', '2013-04-13 20:30:00', 'Ghi chú :Phụ thu Bánh mì heo quay', 1, 0, 0, 150000, 0, 1580000),
(208, 3, 3, 17, '2013-04-13 20:00:56', '2013-04-14 01:00:00', 'Anh Tâm nợ', 2, 0, 0, 0, 0, 1397000),
(209, 2, 3, 16, '2013-04-13 23:47:30', '2013-04-14 01:25:00', 'Anh Khoa tiếp khách', 1, 0, 0, 0, 0, 398000),
(210, 2, 3, 1, '2013-04-14 15:32:00', '2013-04-14 17:45:00', '', 1, 0, 0, 0, 0, 477000),
(211, 2, 3, 1, '2013-04-14 22:57:29', '2013-04-15 02:05:00', '', 1, 0, 0, 0, 0, 953000),
(212, 16, 3, 1, '2013-04-14 23:20:40', '2013-04-15 00:20:00', '', 1, 0, 0, 0, 0, 223000),
(213, 1, 3, 1, '2013-04-14 23:56:53', '2013-04-15 00:56:00', '', 1, 0, 0, 0, 0, 430000),
(214, 1, 3, 1, '2013-04-15 01:44:39', '2013-04-15 02:44:00', '', 1, 0, 0, 0, 0, 277000),
(215, 2, 3, 1, '2013-04-15 16:52:30', '2013-04-15 17:52:00', '', 1, 0, 0, 0, 0, 225000),
(216, 1, 3, 1, '2013-04-15 21:03:24', '2013-04-15 22:30:00', '', 1, 0, 0, 0, 0, 216000),
(217, 16, 3, 1, '2013-04-15 22:26:27', '2013-04-16 00:08:00', '', 1, 0, 0, 0, 0, 336000),
(218, 2, 3, 1, '2013-04-15 22:31:47', '2013-04-15 22:31:47', '', 1, 0, 0, 0, 0, 0),
(219, 2, 3, 1, '2013-04-16 17:26:00', '2013-04-16 19:36:00', 'Ghi chú:Ly cafe đá,thuốc hút', 1, 0, 0, 35000, 0, 637000),
(220, 17, 3, 1, '2013-04-16 19:02:48', '2013-04-16 20:00:00', 'Ghi chú: Thực thu 187.000', 1, 0, 0, 0, 0, 186000),
(221, 26, 3, 1, '2013-04-16 19:31:39', '2013-04-16 21:15:00', '', 1, 0, 0, 0, 0, 372000),
(222, 2, 3, 1, '2013-04-16 21:47:56', '2013-04-16 23:08:00', 'Ghi chú: Tặng 1 dĩa chả giò', 1, 0, 0, 0, 0, 281000),
(223, 27, 3, 1, '2013-04-16 22:12:00', '2013-04-17 00:00:00', 'Ghi chú: Tặng 1 dĩa chả giò', 1, 0, 0, 0, 0, 462000),
(224, 2, 3, 1, '2013-04-17 22:08:20', '2013-04-17 22:56:00', 'Ghi chú: Phụ thu thuốc hút', 1, 0, 0, 25000, 0, 192000),
(225, 2, 3, 1, '2013-04-18 13:14:49', '2013-04-18 15:08:00', '', 1, 0, 0, 0, 0, 1453000),
(226, 2, 3, 17, '2013-04-18 19:37:50', '2013-04-18 21:21:00', 'Ghi chú: Phụ thu thuốc hút,Anh Tâm nợ', 2, 0, 0, 25000, 0, 590000),
(227, 17, 3, 1, '2013-04-18 21:14:21', '2013-04-18 22:31:00', '', 1, 0, 0, 0, 0, 139000),
(228, 17, 3, 1, '2013-04-20 20:44:41', '2013-04-21 00:19:00', 'Ghi chú: Phụ thu trà đá', 1, 0, 0, 20000, 0, 988000),
(229, 2, 3, 1, '2013-04-20 22:36:32', '2013-04-21 00:10:00', '', 1, 0, 0, 0, 0, 546000),
(230, 16, 3, 1, '2013-04-20 22:46:28', '2013-04-21 00:00:00', '', 1, 0, 0, 0, 0, 232000),
(231, 14, 3, 1, '2013-04-21 15:40:00', '2013-04-21 17:57:00', '', 1, 0, 0, 0, 0, 1210000),
(233, 16, 3, 1, '2013-04-21 21:30:00', '2013-04-21 22:52:00', 'Ghi chú:Phụ thu thuốc hút', 1, 0, 0, 25000, 0, 362000),
(234, 17, 3, 1, '2013-04-22 15:30:40', '2013-04-22 17:08:00', '', 1, 0, 0, 0, 0, 360000),
(235, 16, 3, 1, '2013-04-22 17:35:00', '2013-04-22 19:06:00', '', 1, 0, 0, 0, 0, 341000),
(237, 2, 3, 1, '2013-04-19 13:05:00', '2013-04-19 14:28:00', 'Ghi chú:Phụ thu hộp Phô mai', 1, 0, 0, 35000, 0, 561000),
(238, 1, 3, 1, '2013-04-19 14:45:00', '2013-04-19 17:15:00', '', 1, 0, 0, 0, 0, 292000),
(239, 17, 3, 1, '2013-04-19 16:15:00', '2013-04-19 17:27:00', '', 1, 0, 0, 0, 0, 274000),
(240, 27, 3, 12, '2013-04-19 19:15:00', '2013-04-19 20:35:00', 'Mợ 3 tiếp khách', 2, 0, 0, 0, 0, 253000),
(241, 2, 3, 1, '2013-04-19 20:36:00', '2013-04-19 23:05:00', 'Phụ thu:Thuốc hút', 1, 0, 0, 25000, 0, 1022000),
(242, 26, 3, 1, '2013-04-19 21:00:00', '2013-04-19 22:25:00', '', 1, 0, 0, 0, 0, 562000),
(243, 27, 3, 1, '2013-04-19 23:15:00', '2013-04-20 01:26:00', 'Phụ thu: Trái cây thêm', 1, 0, 0, 30000, 0, 794000),
(244, 2, 3, 1, '2013-04-22 21:07:15', '2013-04-22 22:57:00', '', 1, 0, 0, 0, 0, 347000),
(246, 16, 3, 1, '2013-04-22 22:32:00', '2013-04-23 00:13:00', 'Ghi chú:Phụ thu thuốc hút', 1, 0, 0, 25000, 0, 719000),
(247, 2, 3, 1, '2013-04-23 15:02:00', '2013-04-23 16:40:00', '', 1, 0, 0, 0, 0, 424000),
(248, 27, 3, 1, '2013-04-23 19:07:07', '2013-04-23 20:25:00', '', 1, 0, 15, 0, 0, 396000),
(249, 2, 3, 1, '2013-04-23 20:40:00', '2013-04-23 23:57:00', '', 1, 0, 0, 0, 0, 703000),
(250, 27, 3, 1, '2013-04-23 22:02:41', '2013-04-24 01:22:00', '', 1, 0, 0, 0, 0, 814000),
(251, 1, 3, 1, '2013-04-24 15:09:00', '2013-04-24 17:09:00', '', 1, 0, 0, 0, 0, 298000),
(252, 16, 3, 1, '2013-04-24 17:30:00', '2013-04-24 19:41:00', 'Thu 1.030.000', 1, 0, 0, 0, 0, 1031000),
(253, 2, 3, 1, '2013-04-24 18:47:02', '2013-04-24 21:00:00', '', 1, 0, 0, 0, 0, 841000),
(254, 2, 3, 1, '2013-04-24 22:47:00', '2013-04-25 00:30:00', '', 1, 0, 0, 0, 0, 369000),
(255, 2, 3, 1, '2013-04-25 13:14:09', '2013-04-25 15:14:00', '', 1, 0, 0, 0, 0, 556000),
(256, 14, 3, 1, '2013-04-25 15:57:00', '2013-04-25 16:45:00', '', 1, 0, 0, 0, 0, 451000),
(258, 2, 3, 16, '2013-04-25 22:00:00', '2013-04-25 23:50:00', 'Thuoc JET,Phiếu Anh 2', 1, 0, 0, 25000, 0, 1304000),
(259, 16, 3, 1, '2013-04-25 23:17:01', '2013-04-26 00:50:00', '', 1, 0, 0, 0, 0, 485000),
(260, 17, 3, 1, '2013-04-26 21:18:43', '2013-04-26 23:57:00', '', 1, 0, 0, 0, 0, 511000),
(261, 26, 3, 1, '2013-04-26 23:09:05', '2013-04-27 00:15:00', '', 1, 0, 0, 0, 0, 630000),
(262, 2, 3, 1, '2013-04-26 23:50:09', '2013-04-27 01:30:00', '', 1, 0, 0, 0, 0, 425000),
(263, 16, 3, 1, '2013-04-27 00:09:08', '2013-04-27 01:33:00', 'Thuốc hút', 1, 0, 0, 25000, 0, 507000),
(264, 2, 3, 1, '2013-04-27 18:00:09', '2013-04-27 19:55:00', '', 1, 0, 0, 0, 0, 866000),
(265, 16, 3, 17, '2013-04-27 18:12:34', '2013-04-27 20:10:00', 'Anh Tâm Nợ', 2, 0, 0, 0, 0, 332000),
(266, 1, 3, 1, '2013-04-27 23:00:00', '2013-04-27 23:45:00', 'Phụ thu mực+cánh gà chiên nước mắm', 1, 0, 0, 407000, 0, 1054000),
(267, 2, 3, 1, '2013-04-27 22:50:49', '2013-04-28 01:43:00', '', 1, 0, 0, 0, 0, 789000),
(268, 14, 3, 1, '2013-04-28 14:45:16', '2013-04-28 16:30:00', '', 1, 0, 0, 0, 0, 1377000),
(269, 17, 3, 1, '2013-04-28 14:52:57', '2013-04-28 15:16:00', '', 1, 0, 0, 0, 0, 161000),
(270, 2, 3, 1, '2013-04-28 16:54:18', '2013-04-28 18:12:00', '', 1, 0, 0, 0, 0, 571000),
(273, 2, 3, 1, '2013-04-28 20:24:00', '2013-04-28 21:36:00', '', 1, 0, 0, 0, 0, 211000),
(274, 26, 3, 1, '2013-04-28 18:35:00', '2013-04-28 19:52:00', '', 1, 0, 0, 0, 0, 288000),
(275, 17, 3, 1, '2013-04-28 22:24:16', '2013-04-28 22:54:00', '', 1, 0, 0, 0, 0, 123000),
(276, 16, 3, 1, '2013-04-28 22:35:00', '2013-04-29 00:29:00', '', 1, 0, 0, 0, 0, 494000),
(277, 2, 3, 1, '2013-04-28 22:50:41', '2013-04-28 23:56:00', '', 1, 0, 0, 0, 0, 302000),
(278, 26, 3, 1, '2013-04-29 14:00:00', '2013-04-29 15:53:00', '', 1, 0, 0, 0, 0, 983000),
(279, 27, 3, 1, '2013-04-29 14:05:00', '2013-04-29 15:10:00', 'Thuốc hút', 1, 0, 0, 25000, 0, 224000),
(280, 16, 3, 1, '2013-04-29 16:16:00', '2013-04-29 18:35:00', '', 1, 0, 0, 0, 0, 308000),
(281, 2, 3, 1, '2013-04-29 21:58:00', '2013-04-29 23:38:00', 'Phụ thu thuốc hút.Nhí  Nợ', 1, 0, 0, 25000, 0, 519000),
(282, 16, 3, 1, '2013-04-29 23:16:52', '2013-04-30 00:45:00', '', 1, 0, 0, 0, 0, 326000),
(283, 17, 3, 1, '2013-04-30 14:35:00', '2013-04-30 16:27:00', '', 1, 0, 0, 0, 0, 395000),
(284, 2, 3, 1, '2013-04-30 19:15:00', '2013-05-01 21:20:00', 'Anh 2 Tặng 1 con khô mực', 1, 0, 0, 0, 0, 2652000),
(285, 26, 3, 12, '2013-04-30 19:25:00', '2013-04-30 21:35:00', 'Cậu mợ 3 tiếp khách(Chú út+Chú 6 Cao)', 2, 0, 0, 0, 0, 995000),
(286, 16, 3, 1, '2013-04-30 20:00:00', '2013-04-30 21:05:00', '', 1, 0, 0, 0, 0, 312000),
(287, 27, 3, 1, '2013-04-30 20:44:00', '2013-04-30 23:05:00', 'Phụ thu thuốc 555', 1, 0, 0, 35000, 0, 974000),
(288, 16, 3, 1, '2013-04-30 21:40:00', '2013-04-30 23:40:00', '', 1, 0, 0, 0, 0, 616000),
(289, 1, 3, 1, '2013-04-30 21:46:00', '2013-04-30 23:35:00', '', 1, 0, 0, 0, 0, 423000),
(290, 2, 3, 16, '2013-04-30 22:25:00', '2013-04-30 23:25:00', 'Anh 2 tiếp khách Anh Tuấn', 1, 0, 0, 0, 0, 176000),
(295, 17, 3, 1, '2013-04-30 21:45:00', '2013-04-30 23:45:00', '', 1, 0, 0, 0, 0, 718000),
(296, 27, 3, 1, '2013-05-01 14:12:00', '2013-05-01 15:43:00', 'Phụ thu :Trái cây thêm', 1, 0, 0, 30000, 0, 0),
(297, 16, 3, 1, '2013-05-01 19:05:00', '2013-05-01 21:29:00', '', 1, 0, 0, 0, 0, 0),
(298, 26, 3, 1, '2013-05-01 22:49:16', '2013-05-01 23:50:00', '', 1, 0, 0, 0, 0, 0),
(299, 26, 3, 1, '2013-05-02 21:44:13', '2013-05-02 22:30:00', '', 1, 0, 0, 0, 0, 0),
(300, 2, 3, 1, '2013-05-02 22:45:00', '2013-05-03 00:06:00', '', 1, 0, 0, 0, 0, 0),
(301, 16, 3, 1, '2013-05-02 23:03:00', '2013-05-03 01:00:00', '', 1, 0, 0, 0, 0, 0),
(302, 27, 3, 1, '2013-05-02 23:25:00', '2013-05-03 00:27:00', '', 1, 0, 0, 0, 0, 0),
(303, 2, 3, 1, '2013-05-03 00:00:00', '2013-05-03 01:00:00', 'Anh Minh nợ', 1, 0, 0, 0, 0, 0),
(304, 1, 3, 1, '2013-05-03 00:12:34', '2013-05-03 00:12:34', '', 1, 0, 0, 0, 0, 0),
(305, 2, 3, 1, '2013-05-03 15:19:00', '2013-05-03 16:50:00', 'Phụ thu thuốc hút', 1, 0, 0, 25000, 0, 0),
(306, 2, 3, 1, '2013-05-03 18:37:00', '2013-05-03 22:23:00', 'Anh Tâm(Đã trừ phiếu này vào lương)', 1, 0, 0, 0, 0, 0),
(307, 1, 3, 1, '2013-05-04 20:36:12', '2013-05-04 22:28:00', '', 1, 0, 0, 0, 0, 0),
(308, 2, 3, 1, '2013-05-04 21:04:41', '2013-05-04 21:56:00', '', 1, 0, 0, 0, 0, 0),
(309, 16, 3, 1, '2013-05-04 23:28:04', '2013-05-05 00:28:00', '', 1, 0, 0, 0, 0, 0),
(310, 2, 3, 1, '2013-05-05 12:16:00', '2013-05-05 14:10:00', 'Thu 430.000', 1, 0, 0, 0, 0, 0),
(311, 2, 3, 1, '2013-05-05 16:30:00', '2013-05-05 19:30:00', '3 dĩa khô nhái + 1 dĩa chả giò.Anh2 (Nợ)', 1, 0, 0, 0, 0, 0),
(312, 14, 3, 1, '2013-05-05 17:21:17', '2013-05-05 19:10:00', '', 1, 0, 0, 0, 0, 0),
(313, 16, 3, 1, '2013-05-05 19:00:00', '2013-05-05 20:49:00', 'Bớt khách ', 1, 1000, 0, 0, 0, 0),
(314, 2, 3, 1, '2013-05-05 22:38:07', '2013-05-06 01:06:00', 'Anh toàn +Anh Minh (Nợ)', 2, 0, 10, 0, 0, 912000),
(315, 1, 3, 1, '2013-05-05 23:40:51', '2013-05-06 01:05:00', '', 1, 0, 0, 0, 0, 0),
(316, 16, 3, 1, '2013-05-05 23:41:06', '2013-05-06 02:10:00', 'Phụ thu Trái cây thêm', 1, 0, 0, 30000, 0, 0),
(317, 2, 3, 1, '2013-05-06 20:00:00', '2013-05-06 21:20:00', '', 1, 0, 0, 0, 0, 0),
(318, 16, 3, 1, '2013-05-06 21:04:41', '2013-05-06 22:55:00', '', 1, 0, 0, 0, 0, 0),
(319, 17, 3, 1, '2013-05-06 22:05:17', '2013-05-07 01:50:00', 'Phụ thu: thuốc hút.Anh Khoa tặng 1 phần nhái sấy', 1, 0, 0, 25000, 0, 0),
(320, 2, 3, 1, '2013-05-06 23:03:31', '2013-05-07 01:07:00', '', 1, 0, 0, 0, 0, 0),
(321, 14, 3, 1, '2013-05-06 23:27:57', '2013-05-07 01:56:00', 'Phụ thu: Thuốc hút + mì ', 1, 0, 0, 35000, 0, 0),
(322, 2, 3, 1, '2013-05-07 16:47:36', '2013-05-07 18:55:00', 'Phụ thu:Thuốc hút', 1, 0, 0, 25000, 0, 0),
(325, 17, 3, 1, '2013-05-07 17:10:00', '2013-05-07 19:30:00', 'Phụ thu: thuốc hút', 1, 0, 0, 25000, 0, 0),
(326, 3, 3, 1, '2013-05-07 17:47:54', '2013-05-07 18:53:00', '', 1, 0, 0, 0, 0, 0),
(327, 1, 3, 1, '2013-05-07 21:51:44', '2013-05-07 21:51:44', '', 1, 0, 0, 0, 0, 0),
(328, 17, 3, 1, '2013-05-07 23:28:23', '2013-05-08 00:26:00', '', 1, 0, 0, 0, 0, 0),
(329, 1, 3, 1, '2013-05-07 23:34:24', '2013-05-08 00:40:00', '', 1, 0, 0, 0, 0, 0),
(330, 2, 3, 1, '2013-05-07 23:57:39', '2013-05-08 04:10:00', 'Phụ thu: Thuốc hút + khăn giấy bịch', 1, 0, 0, 55000, 0, 0),
(331, 2, 3, 1, '2013-05-08 21:44:39', '2013-05-08 23:15:00', '', 1, 0, 0, 0, 0, 0),
(332, 26, 3, 1, '2013-05-09 18:10:30', '2013-05-09 19:30:00', 'Phụ thu:thuốc hút', 1, 1000, 0, 25000, 0, 0),
(336, 2, 3, 1, '2013-04-01 12:45:00', '2013-04-01 14:15:00', '', 1, 1000, 0, 0, 0, 450000),
(337, 26, 3, 1, '2013-04-01 23:30:00', '2013-04-02 00:45:00', 'Phụ thu :Thuốc hút+mì gói', 1, 0, 0, 35000, 0, 436000),
(339, 2, 3, 1, '2013-04-02 23:15:00', '2013-04-03 00:45:00', '', 1, 0, 0, 0, 0, 401000),
(340, 2, 3, 1, '2013-04-01 21:10:00', '2013-04-02 00:10:00', 'Phụ thu: Thuốc hút', 1, 92000, 0, 25000, 0, 820000),
(342, 16, 3, 1, '2013-04-03 12:35:00', '2013-04-03 13:19:00', '', 1, 0, 0, 0, 0, 269000),
(343, 27, 3, 1, '2013-04-03 19:44:00', '2013-04-03 23:34:00', 'Tặng 2 dĩa khô mực+1 dĩa chả giò ghế', 1, 0, 20, 0, 0, 1444000),
(344, 16, 3, 15, '2013-04-03 19:55:00', '2013-04-03 21:45:00', 'NỢ', 1, 0, 0, 0, 0, 457000),
(345, 26, 3, 1, '2013-04-03 20:35:00', '2013-04-03 21:55:00', '', 1, 0, 0, 0, 0, 657000),
(346, 2, 3, 1, '2013-04-03 22:50:00', '2013-04-04 00:35:00', '', 1, 0, 0, 0, 0, 391000),
(347, 2, 3, 1, '2013-04-04 20:36:00', '2013-04-04 21:42:00', '', 1, 0, 0, 0, 0, 205000),
(348, 16, 3, 1, '2013-04-04 20:56:00', '2013-04-04 22:09:00', '', 1, 0, 0, 0, 0, 236000),
(349, 17, 3, 1, '2013-04-04 21:02:00', '2013-04-04 22:15:00', '', 1, 0, 0, 0, 0, 345000),
(350, 17, 3, 1, '2013-04-04 00:07:00', '2013-04-04 02:04:00', 'Anh Khoa tặng 1 dĩa khô mực', 1, 0, 0, 0, 0, 405000),
(351, 2, 3, 16, '2013-04-04 00:20:00', '2013-04-04 03:10:00', 'Anh Khoa Tiếp khách', 1, 0, 0, 0, 0, 710000),
(352, 26, 3, 1, '2013-04-04 00:20:00', '2013-04-04 01:55:00', '', 1, 0, 0, 0, 0, 406000),
(353, 16, 3, 1, '2013-04-05 00:01:00', '2013-04-05 03:54:00', '', 1, 1000, 0, 0, 0, 893000),
(354, 27, 3, 1, '2013-04-06 23:58:00', '2013-04-07 03:15:00', 'Thực thu', 1, 0, 0, 8000, 0, 990000),
(355, 16, 3, 1, '2013-04-06 00:53:00', '2013-04-06 01:53:00', '', 1, 0, 0, 0, 0, 254000),
(356, 16, 3, 1, '2013-04-02 00:30:00', '2013-04-02 02:15:00', 'Anh Khoa tặng 1 khô mực', 1, 0, 0, 0, 0, 297000),
(357, 27, 3, 1, '2013-04-02 00:10:00', '2013-04-02 01:55:00', '', 1, 0, 0, 0, 0, 485000),
(358, 16, 3, 1, '2013-04-19 23:30:00', '2013-04-20 01:00:00', '', 1, 0, 0, 0, 0, 379000),
(359, 2, 3, 1, '2013-04-19 00:45:00', '2013-04-19 02:15:00', 'Phụ thu:thuốc hút', 1, 0, 0, 25000, 0, 422000),
(363, 15, 3, 1, '2013-04-30 21:45:00', '2013-04-30 21:45:00', 'Anh Khoa khuyến mãi tiền karaoke', 1, 0, 0, 0, 0, 310000),
(366, 2, 3, 1, '2013-05-09 23:07:24', '2013-05-10 01:32:00', '', 1, 0, 0, 0, 0, 0),
(367, 16, 3, 1, '2013-05-09 23:16:16', '2013-05-10 00:42:00', 'Phụ thu:Thuốc hút', 1, 0, 0, 25000, 0, 0),
(368, 26, 3, 16, '2013-04-09 12:55:00', '2013-04-09 12:55:00', 'Anh 2 Tiếp khách', 1, 0, 0, 0, 0, 509000),
(372, 26, 3, 1, '2013-05-10 13:09:28', '2013-05-10 14:35:00', 'Anh Khoa tặng 1 dĩa nhái chiên', 1, 0, 0, 0, 0, 0),
(373, 3, 3, 1, '2013-04-30 23:00:00', '2013-05-01 00:15:00', '', 1, 2000, 0, 0, 0, 332000),
(374, 14, 3, 1, '2013-04-30 23:05:00', '2013-05-01 00:15:00', '', 1, 0, 0, 0, 0, 235000),
(375, 2, 3, 1, '2013-05-10 17:28:21', '2013-05-10 19:15:00', '', 1, 0, 0, 0, 0, 0),
(376, 16, 3, 1, '2013-05-08 12:09:00', '2013-05-08 12:09:00', 'Anh 2 nhậu với Anh Tuấn cá cơm(NỢ)', 1, 0, 0, 0, 0, 0),
(377, 17, 3, 1, '2013-05-10 20:51:07', '2013-05-10 23:32:00', 'Phụ thu:Thuốc hút', 1, 0, 0, 25000, 0, 0),
(378, 1, 3, 1, '2013-05-10 22:42:09', '2013-05-11 00:06:00', 'Phụ thu:Thuốc hút', 1, 0, 0, 25000, 0, 0),
(379, 2, 3, 1, '2013-05-11 12:04:00', '2013-05-11 13:42:00', '', 1, 0, 0, 0, 0, 0),
(380, 16, 3, 1, '2013-05-11 14:05:32', '2013-05-11 19:36:00', 'Phiếu của anh Tuấn Anh (NỢ)', 1, 0, 0, 0, 0, 0),
(381, 26, 3, 1, '2013-05-11 17:30:00', '2013-05-11 20:05:00', 'Cậu 3 tiếp khách(Cùng ngày phòng Anh Tuấn Anh)', 1, 0, 0, 0, 0, 0),
(383, 2, 3, 1, '2013-05-11 22:34:11', '2013-05-12 01:37:00', 'Phụ thu:Thuốc hút+ trà đá', 1, 1000, 0, 35000, 0, 0),
(386, 17, 3, 1, '2013-05-12 01:36:07', '2013-05-12 03:36:00', 'Phụ thu:Trà đá', 1, 0, 0, 5000, 0, 0),
(387, 1, 3, 1, '2013-05-12 01:14:00', '2013-05-12 01:14:00', 'Phụ thu:Thuốc hút', 1, 0, 0, 25000, 0, 0),
(390, 1, 1, 1, '2013-05-11 22:34:00', '2013-05-12 00:55:00', '', 1, 0, 0, 0, 0, 0),
(391, 3, 3, 1, '2013-05-11 23:14:00', '2013-05-12 01:50:00', '', 1, 0, 0, 0, 0, 0),
(392, 26, 3, 1, '2013-05-12 15:35:00', '2013-05-12 18:20:00', '', 1, 0, 0, 0, 0, 0),
(393, 2, 3, 1, '2013-05-13 17:34:23', '2013-05-13 19:12:00', 'Phụ thu:Thuốc hút', 1, 0, 0, 25000, 0, 0),
(395, 3, 3, 1, '2013-05-13 22:10:00', '2013-05-13 23:47:00', '', 1, 0, 0, 0, 0, 0),
(396, 17, 3, 1, '2013-05-14 21:34:36', '2013-05-14 23:58:00', '', 1, 0, 0, 1000, 0, 0),
(397, 1, 3, 1, '2013-05-15 13:15:00', '2013-05-15 14:41:00', 'Mợ 3 tặng 1 dĩa nhái chiên+1 đậu nành rang', 1, 0, 0, 0, 0, 0),
(398, 27, 3, 1, '2013-05-15 13:19:24', '2013-05-15 15:20:00', 'Phụ thu: Mít ', 1, 0, 0, 70000, 0, 0),
(399, 1, 3, 1, '2013-05-15 14:41:00', '2013-05-15 15:41:14', 'Mợ 3 tiếp khách', 1, 0, 0, 0, 0, 0),
(400, 1, 3, 1, '2013-05-15 19:42:21', '2013-05-15 19:42:21', 'BÁN LẺ', 1, 0, 0, 0, 0, 0),
(402, 17, 2, 1, '2013-05-16 18:15:00', '2013-05-16 20:08:00', 'Thực thu', 1, 6000, 0, 0, 0, 480000),
(404, 2, 3, 1, '2013-05-15 22:47:00', '2013-05-16 00:47:00', 'Phụ thu: Thuốc hút', 1, 0, 0, 25000, 0, 363000),
(405, 2, 3, 1, '2013-05-16 21:46:07', '2013-05-16 23:39:00', '', 1, 0, 0, 0, 0, 293000),
(406, 3, 3, 1, '2013-05-16 22:04:00', '2013-05-16 22:35:00', '', 1, 0, 0, 0, 0, 60000),
(407, 1, 3, 1, '2013-05-16 22:04:00', '2013-05-17 00:05:00', 'Giu 1 bằng lái xe+cmnd(Quỳnh Nợ)Trả trước 200.000đ', 1, 0, 0, 0, 0, 363000),
(408, 2, 3, 1, '2013-05-17 17:30:00', '2013-05-17 18:50:00', '', 1, 0, 0, 0, 0, 445000),
(409, 1, 3, 1, '2013-05-17 18:30:00', '2013-05-17 20:45:00', 'MỢ 3 TIẾP KHÁCH', 1, 0, 0, 0, 0, 263000),
(410, 26, 3, 1, '2013-05-17 19:17:38', '2013-05-17 20:20:00', '', 1, 0, 0, 0, 0, 672000),
(411, 2, 3, 1, '2013-05-17 19:57:17', '2013-05-17 21:19:00', '', 1, 0, 0, 0, 0, 253000),
(412, 14, 3, 1, '2013-05-17 20:58:41', '2013-05-17 22:00:00', '', 1, 0, 0, 0, 0, 344000),
(413, 2, 3, 1, '2013-05-17 23:43:25', '2013-05-18 01:20:00', 'Phụ thu:Thuốc hút', 1, 0, 0, 25000, 0, 330000),
(414, 27, 3, 1, '2013-05-18 19:25:00', '2013-05-18 21:00:00', '', 1, 0, 20, 0, 0, 560000),
(416, 2, 3, 1, '2013-05-18 20:04:00', '2013-05-18 20:40:00', '', 1, 0, 0, 0, 0, 182000),
(417, 17, 3, 1, '2013-05-18 22:13:26', '2013-05-18 22:45:00', '', 1, 0, 0, 0, 0, 163000),
(419, 1, 3, 1, '2013-05-19 00:45:34', '2013-05-19 00:45:34', 'BÁN LẺ', 1, 0, 0, 0, 0, 35000),
(420, 26, 3, 1, '2013-05-19 12:38:00', '2013-05-19 15:00:00', '', 1, 0, 0, 0, 0, 676000),
(421, 16, 3, 1, '2013-05-19 15:35:00', '2013-05-19 16:35:00', '', 1, 0, 0, 0, 0, 272000),
(422, 26, 3, 1, '2013-05-19 15:35:00', '2013-05-19 15:35:00', 'Anh Khoa (NỢ) Nhậu với Anh Đoàn', 1, 0, 0, 0, 0, 273000),
(423, 27, 3, 1, '2013-05-19 17:00:00', '2013-05-19 18:30:00', '', 1, 0, 0, 0, 0, 546000),
(424, 2, 3, 1, '2013-05-18 23:31:00', '2013-05-19 00:42:00', '', 1, 0, 0, 0, 0, 232000),
(425, 2, 3, 1, '2013-05-19 20:20:00', '2013-05-19 22:43:00', 'Anh Khoa(NỢ) nhậu với a Đoàn', 1, 0, 0, 0, 0, 640000),
(426, 16, 3, 1, '2013-05-19 20:29:00', '2013-05-19 22:05:00', '', 1, 0, 0, 0, 0, 594000),
(428, 26, 3, 1, '2013-05-19 21:15:28', '2013-05-19 22:15:00', 'THỰC THU', 1, 4000, 0, 0, 0, 250000),
(429, 1, 3, 1, '2013-05-19 23:12:48', '2013-05-20 00:43:00', '', 1, 0, 0, 0, 0, 317000),
(430, 17, 3, 1, '2013-05-19 23:56:00', '2013-05-20 00:35:00', '', 1, 0, 0, 0, 0, 202000),
(431, 26, 3, 1, '2013-05-20 14:35:00', '2013-05-20 17:35:00', 'Phụ thu:Thuốc hút(2 gói)', 1, 0, 0, 50000, 0, 1030000),
(433, 27, 3, 16, '2013-05-20 15:20:00', '2013-05-20 15:20:00', '', 2, 0, 0, 0, 0, 670000),
(434, 27, 3, 1, '2013-05-20 16:30:00', '2013-05-20 18:11:00', '', 1, 0, 0, 0, 0, 411000),
(435, 2, 3, 1, '2013-05-20 23:20:00', '2013-05-21 00:20:00', '', 1, 0, 0, 0, 0, 266000),
(436, 16, 3, 1, '2013-05-20 23:20:00', '2013-05-21 00:50:00', '', 1, 0, 0, 0, 0, 332000),
(437, 17, 3, 1, '2013-05-21 00:02:00', '2013-05-21 01:50:00', '', 1, 0, 0, 0, 0, 276000),
(438, 17, 3, 1, '2013-05-21 10:50:00', '2013-05-21 12:05:00', '', 1, 0, 0, 0, 0, 299000),
(441, 2, 5, 1, '2013-05-21 21:30:02', '2013-05-22 01:03:00', '', 1, 0, 0, 0, 0, 1118000),
(442, 16, 5, 1, '2013-05-21 22:35:00', '2013-05-21 23:33:00', '', 1, 0, 0, 0, 0, 281000),
(443, 2, 5, 1, '2013-05-22 22:06:38', '2013-05-23 00:32:00', '', 1, 0, 0, 0, 0, 410000),
(444, 17, 5, 1, '2013-05-22 22:19:25', '2013-05-23 00:28:00', '', 1, 0, 0, 0, 0, 529000),
(445, 1, 5, 1, '2013-05-22 22:35:20', '2013-05-23 00:53:00', '', 1, 0, 0, 0, 0, 553000),
(446, 16, 5, 1, '2013-05-22 23:06:19', '2013-05-23 00:55:00', '', 1, 0, 0, 0, 0, 379000),
(447, 2, 5, 1, '2013-05-23 18:00:00', '2013-05-23 19:28:00', 'Phụ thu:Thuốc hút', 1, 0, 0, 25000, 0, 547000),
(448, 3, 5, 1, '2013-05-24 00:40:00', '2013-05-24 02:55:00', '', 1, 0, 0, 0, 0, 489000),
(449, 16, 5, 1, '2013-05-23 20:26:12', '2013-05-23 21:37:00', '', 1, 0, 0, 0, 0, 279000),
(451, 14, 5, 1, '2013-05-23 21:31:00', '2013-05-24 00:20:00', '', 1, 0, 0, 0, 0, 617000),
(452, 17, 5, 1, '2013-05-23 21:00:00', '2013-05-23 22:40:00', '', 1, 0, 0, 0, 0, 398000),
(453, 2, 5, 1, '2013-05-23 23:18:00', '2013-05-24 01:20:00', '', 1, 0, 0, 0, 0, 624000),
(454, 1, 5, 16, '2013-05-23 23:30:00', '2013-05-24 00:55:00', 'Nhậu với Anh Thái', 2, 0, 0, 0, 0, 456000),
(455, 4, 5, 16, '2013-05-24 00:14:44', '2013-05-24 00:14:44', 'Sinh nhật Bảo Ngân', 2, 0, 0, 0, 0, 930000),
(457, 1, 5, 1, '2013-05-24 01:15:00', '2013-05-24 03:00:00', '', 1, 0, 0, 0, 0, 483000),
(458, 2, 5, 1, '2013-05-24 15:00:00', '2013-05-24 15:58:00', '', 1, 0, 0, 0, 0, 195000),
(459, 2, 5, 1, '2013-05-24 17:19:50', '2013-05-24 18:43:00', '', 1, 0, 0, 0, 0, 409000),
(460, 1, 5, 1, '2013-05-24 23:57:16', '2013-05-25 02:35:00', 'Phụ thu:Thuốc hút', 1, 0, 0, 25000, 0, 671000),
(461, 16, 5, 1, '2013-05-25 00:10:00', '2013-05-25 00:41:00', '', 1, 0, 0, 0, 0, 97000),
(462, 27, 5, 1, '2013-05-25 00:16:31', '2013-05-25 01:20:00', '', 1, 0, 0, 0, 0, 434000),
(463, 26, 5, 1, '2013-05-25 00:31:00', '2013-05-25 03:15:00', '', 1, 0, 0, 0, 0, 790000),
(464, 26, 5, 1, '2013-05-25 16:12:00', '2013-05-25 16:50:00', 'Phụ thu:Bánh mì', 1, 0, 0, 30000, 0, 419000),
(465, 27, 5, 1, '2013-05-25 20:47:45', '2013-05-25 22:05:00', '', 1, 1000, 0, 0, 0, 375000),
(466, 2, 5, 1, '2013-05-26 00:28:48', '2013-05-26 00:38:00', '', 1, 0, 0, 0, 0, 112000),
(467, 2, 5, 1, '2013-05-26 17:10:00', '2013-05-26 20:20:00', 'Phiếu anh 2 Linh', 1, 0, 0, 0, 0, 1417000),
(468, 16, 5, 1, '2013-05-26 23:14:31', '2013-05-27 00:37:00', '', 1, 0, 0, 0, 0, 352000),
(469, 17, 5, 1, '2013-05-26 23:21:43', '2013-05-27 00:16:00', '', 1, 0, 0, 0, 0, 239000),
(470, 2, 5, 1, '2013-05-27 15:30:00', '2013-05-27 15:46:00', 'Phụ thu:Thuốc hút', 1, 0, 0, 25000, 0, 164000),
(471, 17, 5, 1, '2013-05-27 15:50:00', '2013-05-27 17:36:00', 'Phụ thu:Thuốc hút', 1, 0, 0, 25000, 0, 535000),
(472, 16, 5, 20, '2013-05-27 18:00:00', '2013-05-27 19:53:00', '', 2, 0, 0, 0, 0, 876000),
(473, 2, 5, 1, '2013-05-27 19:55:00', '2013-05-27 21:22:00', 'Phụ thu:Thuốc hút', 1, 0, 0, 25000, 0, 318000),
(474, 1, 5, 1, '2013-05-27 22:51:10', '2013-05-28 00:16:00', 'Phụ thu:Mi Trứng+Khăn giấy bịch', 1, 0, 0, 20000, 0, 466000),
(475, 3, 5, 1, '2013-05-28 00:06:00', '2013-05-28 01:55:00', '', 1, 1000, 0, 0, 0, 280000),
(476, 1, 5, 1, '2013-05-28 00:16:00', '2013-05-28 01:34:00', '', 1, 0, 0, 0, 0, 162000),
(477, 17, 5, 1, '2013-05-28 01:15:00', '2013-05-28 02:25:00', '', 1, 0, 0, 0, 0, 405000),
(478, 1, 5, 1, '2013-05-28 02:00:09', '2013-05-28 02:00:09', 'BÁN LẺ', 1, 0, 0, 0, 0, 65000),
(479, 26, 5, 1, '2013-05-28 19:35:00', '2013-05-28 23:24:00', 'Phụ thu:Thuốc hút.Thanh trước 500.000đ(Giu 1 CMND+', 1, 0, 0, 25000, 0, 946000),
(480, 1, 5, 1, '2013-05-28 20:43:31', '2013-05-28 20:43:31', 'BÁN LẺ THUỐC HERO', 1, 0, 0, 125000, 0, 155000),
(481, 2, 5, 1, '2013-05-28 20:47:45', '2013-05-28 22:23:00', '', 1, 0, 0, 0, 0, 251000),
(482, 17, 5, 1, '2013-05-28 22:50:00', '2013-05-29 00:17:00', '', 1, 0, 0, 0, 0, 408000),
(483, 3, 5, 1, '2013-05-29 00:00:49', '2013-05-29 01:19:00', '', 1, 0, 0, 0, 0, 240000),
(486, 1, 5, 1, '2013-05-29 00:49:00', '2013-05-29 03:00:00', '', 1, 0, 0, 0, 0, 457000),
(487, 16, 5, 1, '2013-05-29 21:38:16', '2013-05-29 23:58:00', '', 1, 0, 0, 0, 0, 843000),
(488, 2, 5, 1, '2013-05-29 18:05:00', '2013-05-29 19:50:00', '', 1, 0, 0, 0, 0, 702000),
(489, 1, 5, 1, '2013-05-29 22:20:03', '2013-05-29 22:20:03', 'BÁN LẺ', 1, 0, 0, 0, 0, 78000),
(490, 16, 5, 1, '2013-05-29 23:40:00', '2013-05-30 00:15:00', '', 1, 0, 0, 0, 0, 164000),
(491, 1, 5, 16, '2013-05-30 00:25:22', '2013-05-30 00:25:22', '', 2, 0, 0, 0, 0, 328000),
(492, 1, 5, 12, '2013-05-30 17:35:00', '2013-05-30 19:52:00', 'Tiếp khách (A vinh)', 2, 0, 0, 0, 0, 341000),
(493, 17, 5, 1, '2013-05-30 17:41:20', '2013-05-30 19:05:00', '', 1, 0, 0, 0, 0, 311000),
(494, 2, 5, 1, '2013-05-30 21:08:13', '2013-05-30 22:50:00', '', 1, 0, 0, 0, 0, 464000),
(495, 17, 5, 1, '2013-05-29 23:30:00', '2013-05-30 00:30:00', '', 1, 0, 0, 0, 0, 210000),
(496, 1, 5, 1, '2013-05-31 00:25:09', '2013-05-31 02:55:00', 'Phụ thu: 2 Dĩa Trái Cây thêm', 1, 0, 0, 60000, 0, 962000),
(497, 16, 5, 1, '2013-05-31 00:35:59', '2013-05-31 01:40:00', '', 1, 0, 0, 0, 0, 290000),
(498, 3, 5, 1, '2013-05-31 10:20:00', '2013-05-31 14:45:00', 'tiền mì gói 5 tô', 1, 0, 0, 50000, 0, 930000),
(499, 1, 5, 12, '2013-05-31 12:50:00', '2013-05-31 14:50:00', '1 dĩa cá kèo chiên chưa tính vào phiếu', 2, 0, 0, 0, 0, 810000),
(500, 16, 5, 1, '2013-05-31 19:29:36', '2013-05-31 20:45:00', '', 1, 0, 0, 0, 0, 215000),
(501, 17, 5, 1, '2013-05-31 20:10:14', '2013-05-31 21:10:00', '', 1, 0, 0, 0, 0, 112000),
(502, 1, 5, 1, '2013-05-31 21:47:45', '2013-05-31 21:47:45', 'BÁN LẺ', 1, 0, 0, 0, 0, 50000),
(503, 2, 5, 1, '2013-06-02 00:10:00', '2013-06-02 01:50:00', 'Giữ 1 CMND+2 Điện Thoại', 2, 0, 0, 0, 0, 391000),
(504, 1, 5, 1, '2013-06-02 12:05:00', '2013-06-02 15:05:00', '', 1, 1000, 0, 0, 0, 400000),
(505, 2, 6, 1, '2013-06-02 20:25:00', '2013-06-02 22:15:00', '', 1, 0, 0, 0, 0, 422000),
(506, 17, 3, 1, '2013-06-02 21:30:24', '2013-06-02 22:46:00', '', 1, 0, 0, 0, 0, 113000),
(508, 16, 3, 1, '2013-06-02 23:49:57', '2013-06-03 01:50:00', '', 1, 0, 0, 0, 0, 940000),
(509, 1, 3, 1, '2013-06-03 00:08:29', '2013-06-03 01:36:00', '', 1, 0, 0, 0, 0, 409000),
(510, 17, 6, 1, '2013-06-02 23:42:00', '2013-06-03 01:15:00', '', 1, 0, 0, 0, 0, 403000),
(511, 1, 6, 1, '2013-06-03 01:54:39', '2013-06-03 01:54:39', 'BÁN LẺ', 1, 0, 0, 0, 0, 15000),
(512, 2, 6, 21, '2013-06-03 19:17:04', '2013-06-03 21:25:00', 'Nhí', 2, 0, 0, 0, 0, 946000),
(513, 1, 6, 1, '2013-06-04 00:52:05', '2013-06-04 02:05:00', '', 1, 0, 0, 0, 0, 292000),
(514, 16, 6, 1, '2013-06-04 01:09:17', '2013-06-04 02:10:00', '', 1, 0, 0, 0, 0, 237000),
(515, 3, 6, 1, '2013-06-04 14:18:00', '2013-06-04 17:31:00', '', 1, 0, 0, 0, 0, 1090000),
(516, 2, 6, 1, '2013-06-04 18:10:00', '2013-06-04 18:43:00', '', 1, 0, 0, 0, 0, 195000),
(518, 2, 6, 1, '2013-06-05 21:40:13', '2013-06-05 23:10:00', '', 1, 0, 0, 0, 0, 805000),
(519, 4, 6, 1, '2013-06-05 23:14:00', '2013-06-05 23:59:00', '', 1, 0, 0, 0, 0, 68000),
(520, 1, 6, 1, '2013-06-06 00:19:00', '2013-06-06 01:38:00', '', 1, 0, 0, 0, 0, 470000),
(521, 3, 6, 1, '2013-06-06 11:07:00', '2013-06-06 12:20:00', '', 1, 0, 0, 0, 0, 221000),
(522, 2, 6, 16, '2013-06-06 11:22:45', '2013-06-06 11:22:45', 'Con ga luộc', 2, 0, 0, 180000, 0, 676000),
(523, 2, 6, 16, '2013-06-06 20:21:42', '2013-06-06 20:21:42', 'Nhậu với A toàn +Anh trung+Anh Minh', 2, 0, 0, 0, 0, 1362000),
(524, 16, 6, 1, '2013-06-07 16:18:33', '2013-06-07 17:15:00', '', 1, 0, 0, 0, 0, 280000),
(525, 3, 3, 16, '2013-06-07 22:36:02', '2013-06-07 22:36:02', 'Nhậu với Bạn', 2, 0, 0, 0, 0, 690000),
(526, 1, 3, 1, '2013-06-07 23:22:02', '2013-06-07 23:22:02', '', 1, 0, 0, 0, 0, 25000),
(527, 1, 6, 1, '2013-06-08 00:10:00', '2013-06-08 02:23:00', '', 1, 0, 0, 0, 0, 522000),
(528, 17, 6, 1, '2013-06-08 01:05:00', '2013-06-08 04:15:00', '', 1, 0, 0, 0, 0, 613000),
(529, 2, 6, 1, '2013-06-08 01:05:00', '2013-06-08 02:30:00', '', 1, 0, 0, 0, 0, 428000),
(530, 17, 6, 1, '2013-06-08 04:15:00', '2013-06-08 04:50:00', '', 1, 0, 0, 0, 0, 86000),
(531, 1, 6, 1, '2013-06-08 17:00:00', '2013-06-08 17:25:00', '', 1, 0, 0, 0, 0, 29000),
(532, 1, 6, 1, '2013-06-08 22:08:54', '2013-06-08 22:08:54', '', 1, 0, 0, 0, 0, 130000),
(533, 1, 6, 16, '2013-06-08 23:58:36', '2013-06-08 23:58:36', '', 2, 0, 0, 0, 0, 480000),
(534, 1, 6, 1, '2013-06-09 20:42:00', '2013-06-10 00:13:00', '', 1, 0, 0, 0, 0, 585000),
(535, 26, 6, 1, '2013-06-09 23:30:00', '2013-06-10 00:49:00', '', 1, 0, 0, 0, 0, 567000),
(536, 16, 5, 1, '2013-06-10 17:35:00', '2013-06-10 19:04:00', '', 1, 0, 0, 0, 0, 343000),
(538, 14, 6, 1, '2013-06-10 18:04:00', '2013-06-10 19:35:00', 'Thắng ', 2, 0, 0, 0, 0, 619000),
(539, 1, 6, 1, '2013-06-10 22:00:00', '2013-06-10 23:36:00', '', 1, 0, 0, 0, 0, 386000),
(540, 2, 6, 1, '2013-06-10 22:08:00', '2013-06-11 00:03:00', '', 1, 0, 0, 0, 0, 396000),
(541, 1, 6, 1, '2013-06-11 18:29:00', '2013-06-11 19:59:00', '', 1, 0, 0, 0, 0, 402000),
(542, 17, 6, 20, '2013-06-11 20:23:00', '2013-06-11 22:14:00', '', 2, 0, 0, 0, 0, 654000),
(543, 1, 6, 16, '2013-06-11 23:51:11', '2013-06-11 23:51:11', '', 2, 0, 0, 0, 0, 220000),
(544, 2, 5, 1, '2013-06-12 14:35:00', '2013-06-12 15:41:00', '', 1, 0, 0, 0, 0, 92000),
(545, 1, 5, 1, '2013-06-12 15:28:00', '2013-06-12 15:50:00', 'Phụ thu', 1, 0, 0, 15000, 0, 189000),
(546, 17, 6, 1, '2013-06-12 16:33:29', '2013-06-12 17:26:00', '', 1, 1000, 0, 0, 0, 60000),
(547, 1, 6, 13, '2013-06-12 21:35:00', '2013-06-13 00:56:00', 'Thanh toán 400.000đ', 2, 0, 0, 0, 0, 707000),
(548, 17, 6, 1, '2013-06-12 21:57:04', '2013-06-13 00:11:00', '', 1, 0, 0, 0, 0, 575000),
(549, 2, 6, 1, '2013-06-12 23:03:10', '2013-06-13 00:28:00', '', 1, 0, 0, 0, 0, 448000),
(550, 1, 6, 1, '2013-06-13 14:26:18', '2013-06-13 16:38:00', '', 1, 0, 0, 0, 0, 664000),
(551, 2, 6, 1, '2013-06-13 15:26:09', '2013-06-13 17:26:00', '', 1, 0, 0, 0, 0, 386000),
(552, 1, 3, 1, '2013-06-13 20:14:18', '2013-06-13 21:40:00', '', 1, 0, 0, 0, 0, 411000),
(553, 1, 6, 1, '2013-06-13 21:43:32', '2013-06-14 00:35:00', '', 1, 0, 0, 0, 0, 462000),
(554, 1, 6, 1, '2013-06-14 00:41:42', '2013-06-14 00:41:42', '', 1, 0, 0, 0, 0, 10000),
(555, 2, 6, 16, '2013-06-14 14:25:00', '2013-06-14 17:53:00', 'Con mực tươi', 2, 0, 0, 280000, 0, 1497000),
(556, 1, 6, 1, '2013-06-14 19:54:16', '2013-06-14 21:50:00', '', 1, 0, 0, 0, 0, 639000),
(557, 16, 6, 1, '2013-06-14 20:58:00', '2013-06-14 22:11:00', '', 1, 0, 0, 0, 0, 355000),
(558, 15, 6, 1, '2013-06-14 21:41:41', '2013-06-15 00:55:00', '', 1, 0, 0, 0, 0, 1343000),
(559, 3, 6, 1, '2013-06-14 23:08:00', '2013-06-15 00:23:00', '', 1, 0, 0, 0, 0, 263000),
(560, 15, 6, 1, '2013-06-15 01:11:21', '2013-06-15 01:11:21', '', 1, 0, 0, 0, 0, 15000),
(561, 26, 6, 1, '2013-06-15 20:47:21', '2013-06-15 20:47:21', '', 1, 0, 0, 0, 0, 36000),
(562, 1, 6, 1, '2013-06-14 20:59:00', '2013-06-14 20:59:00', 'Khách sạn', 1, 0, 0, 0, 0, 0),
(563, 1, 6, 19, '2013-06-15 21:40:00', '2013-06-15 23:45:00', '', 2, 0, 10, 0, 0, 290000),
(564, 2, 6, 1, '2013-06-15 23:53:18', '2013-06-16 02:18:00', '', 1, 0, 0, 0, 0, 483000),
(565, 17, 6, 1, '2013-06-16 00:52:00', '2013-06-16 02:49:00', 'Phụ thu', 1, 0, 0, 20000, 0, 882000),
(566, 2, 3, 16, '2013-06-16 20:17:38', '2013-06-16 20:17:38', 'Nhậu với Dượng 7', 2, 0, 0, 0, 0, 335000),
(567, 1, 6, 1, '2013-06-16 23:22:30', '2013-06-17 00:24:00', '', 1, 0, 0, 0, 0, 281000),
(568, 1, 6, 1, '2013-06-17 00:24:00', '2013-06-17 01:00:00', '', 1, 0, 0, 0, 0, 96000),
(569, 17, 6, 1, '2013-06-17 20:51:43', '2013-06-17 21:53:00', '', 1, 0, 0, 0, 0, 175000),
(570, 16, 6, 1, '2013-06-17 22:08:38', '2013-06-17 23:56:00', '', 1, 0, 0, 0, 0, 868000),
(571, 1, 6, 19, '2013-06-17 23:37:00', '2013-06-18 03:30:00', '', 2, 0, 10, 0, 0, 872000),
(572, 16, 6, 1, '2013-06-17 23:58:00', '2013-06-18 00:32:00', '', 1, 0, 0, 0, 0, 177000),
(573, 16, 6, 1, '2013-06-18 00:36:00', '2013-06-18 00:59:00', '', 1, 0, 0, 0, 0, 79000),
(574, 16, 6, 1, '2013-06-18 01:00:00', '2013-06-18 01:32:00', '', 1, 0, 0, 0, 0, 48000),
(575, 17, 6, 1, '2013-06-18 20:01:10', '2013-06-18 22:16:00', '', 1, 0, 0, 0, 0, 550000),
(576, 1, 6, 1, '2013-06-18 22:37:14', '2013-06-18 22:37:14', '', 1, 0, 0, 0, 0, 25000),
(577, 2, 6, 1, '2013-06-19 13:14:00', '2013-06-19 13:40:00', '', 1, 0, 0, 0, 0, 166000),
(578, 2, 6, 13, '2013-06-19 16:45:55', '2013-06-19 21:50:00', '', 1, 0, 10, 0, 0, 833000),
(579, 17, 6, 1, '2013-06-19 20:33:15', '2013-06-19 22:45:00', 'ANH KHẢI', 2, 0, 0, 0, 0, 953000),
(580, 3, 6, 16, '2013-06-19 22:53:43', '2013-06-19 22:53:43', 'Nhậu với Anh Khải', 2, 0, 0, 0, 0, 25000),
(581, 2, 6, 1, '2013-06-20 23:13:40', '2013-06-21 00:00:00', '', 1, 0, 0, 0, 0, 317000),
(582, 17, 6, 1, '2013-06-22 00:19:25', '2013-06-22 01:07:00', '', 1, 0, 0, 0, 0, 131000),
(583, 2, 6, 1, '2013-06-22 00:35:00', '2013-06-22 01:35:00', '', 1, 0, 0, 0, 0, 523000),
(584, 2, 6, 1, '2013-06-22 14:29:32', '2013-06-22 16:45:00', '', 1, 1000, 0, 0, 0, 785000),
(585, 2, 6, 1, '2013-06-22 20:38:10', '2013-06-22 22:00:00', '', 1, 0, 0, 0, 0, 470000),
(586, 2, 6, 1, '2013-06-23 19:18:44', '2013-06-23 20:55:00', '', 1, 0, 0, 0, 0, 808000),
(587, 17, 6, 1, '2013-06-24 00:07:28', '2013-06-24 01:30:00', '', 1, 0, 0, 0, 0, 306000),
(588, 2, 6, 1, '2013-06-24 21:11:00', '2013-06-24 22:27:00', '', 1, 0, 0, 0, 0, 159000),
(589, 17, 6, 1, '2013-06-26 15:40:13', '2013-06-26 16:26:00', '', 1, 0, 0, 0, 0, 199000),
(590, 2, 6, 1, '2013-06-26 20:00:00', '2013-06-26 21:07:00', '', 1, 0, 0, 0, 0, 434000),
(591, 3, 6, 1, '2013-06-27 14:55:57', '2013-06-27 15:42:00', '', 1, 0, 0, 0, 0, 222000),
(592, 2, 3, 1, '2013-06-27 23:19:34', '2013-06-28 00:24:00', '', 1, 0, 0, 0, 0, 335000),
(593, 17, 3, 1, '2013-06-28 00:18:43', '2013-06-28 02:55:00', '', 1, 0, 0, 0, 0, 496000),
(594, 1, 3, 16, '2013-06-28 02:57:30', '2013-06-28 02:57:30', '', 1, 0, 0, 0, 0, 25000),
(595, 26, 6, 1, '2013-06-28 22:06:43', '2013-06-29 00:13:00', 'Khách thanh toán trước 600.000đ(giữ 1 CMND+GPLX)', 1, 0, 0, 0, 0, 726000),
(596, 17, 6, 1, '2013-06-28 22:17:00', '2013-06-28 23:32:00', '', 1, 0, 0, 0, 0, 265000),
(597, 15, 6, 1, '2013-06-28 23:10:00', '2013-06-29 01:20:00', '', 1, 0, 0, 0, 0, 755000),
(599, 1, 6, 1, '2013-06-28 23:10:00', '2013-06-28 23:10:00', '', 1, 0, 0, 0, 0, 72000),
(600, 27, 6, 1, '2013-06-29 18:40:48', '2013-06-29 20:58:00', '', 1, 0, 0, 0, 0, 688000),
(601, 2, 6, 1, '2013-06-29 21:43:23', '2013-06-29 23:52:00', '', 1, 0, 0, 0, 0, 393000),
(602, 14, 6, 16, '2013-06-29 21:43:28', '2013-06-29 21:43:28', 'Anh Khoa', 1, 0, 0, 0, 0, 50000),
(603, 3, 6, 1, '2013-06-29 23:21:00', '2013-06-30 01:48:00', 'Cọc 500.000(Giữ 2 điện thoai+cmnd)', 1, 0, 0, 0, 0, 1059000),
(605, 2, 6, 1, '2013-06-30 23:21:34', '2013-06-30 23:36:00', '', 1, 0, 0, 0, 0, 72000),
(606, 17, 6, 1, '2013-06-30 23:52:03', '2013-07-01 00:52:00', '', 1, 0, 0, 0, 0, 217000),
(607, 1, 6, 16, '2013-07-01 00:56:43', '2013-07-01 00:56:43', 'Nhậu với bạn,Anh Tuấn,Anh Bảo(hội trường)', 2, 0, 0, 0, 0, 928000),
(608, 17, 5, 1, '2013-07-01 12:10:00', '2013-07-01 13:33:00', '', 1, 0, 0, 0, 0, 395000),
(609, 1, 3, 1, '2013-06-30 19:06:00', '2013-06-30 19:06:00', 'KHÁCH SẠN', 1, 0, 0, 0, 0, 0),
(610, 17, 6, 1, '2013-07-01 20:47:37', '2013-07-01 22:33:00', '', 1, 0, 0, 0, 0, 298000),
(611, 2, 6, 1, '2013-07-02 18:10:42', '2013-07-02 20:02:00', '', 1, 0, 0, 0, 0, 357000),
(612, 17, 6, 15, '2013-07-02 20:25:00', '2013-07-02 23:00:00', '', 2, 0, 0, 0, 0, 467000),
(613, 1, 6, 1, '2013-07-03 00:25:44', '2013-07-03 00:25:44', '', 1, 0, 0, 0, 0, 15000),
(614, 26, 6, 1, '2013-07-03 13:06:10', '2013-07-03 15:32:00', '', 1, 0, 0, 0, 0, 662000),
(615, 1, 3, 16, '2013-07-03 22:17:29', '2013-07-03 22:17:29', 'BÁN LẺ(Anh Khoa)', 1, 0, 0, 0, 0, 170000),
(616, 2, 3, 1, '2013-07-03 23:54:00', '2013-07-04 01:32:00', '', 1, 0, 0, 0, 0, 257000),
(617, 3, 3, 1, '2013-07-03 23:09:00', '2013-07-04 00:19:00', '', 1, 0, 0, 0, 0, 249000),
(618, 17, 3, 1, '2013-07-04 00:06:38', '2013-07-04 01:12:00', '', 1, 0, 0, 0, 0, 322000),
(619, 14, 3, 1, '2013-07-04 00:14:51', '2013-07-04 00:14:51', '', 1, 0, 0, 0, 0, 0),
(620, 1, 3, 1, '2013-07-03 23:15:00', '2013-07-03 23:15:00', 'Phiếu bán cho Khách của khách sạn', 1, 0, 0, 0, 0, 292000),
(621, 1, 3, 1, '2013-07-03 22:30:00', '2013-07-03 22:30:00', 'Xuất cho Khách sạn', 1, 0, 0, 0, 0, 0),
(622, 2, 6, 1, '2013-07-05 14:57:04', '2013-07-05 15:53:00', '', 1, 0, 0, 0, 0, 179000),
(623, 17, 6, 1, '2013-07-05 19:50:48', '2013-07-05 21:30:00', '', 1, 0, 0, 0, 0, 500000),
(624, 2, 6, 1, '2013-07-06 00:19:00', '2013-07-06 02:05:00', '', 1, 0, 0, 0, 0, 332000),
(625, 3, 6, 1, '2013-07-06 00:22:00', '2013-07-06 01:56:00', '', 1, 0, 0, 0, 0, 317000),
(626, 1, 6, 1, '2013-07-06 02:06:46', '2013-07-06 02:06:46', '', 1, 0, 0, 0, 0, 25000),
(627, 2, 5, 13, '2013-07-06 18:50:00', '2013-07-06 20:55:00', '', 2, 0, 0, 0, 0, 374000),
(628, 17, 5, 1, '2013-07-06 20:45:00', '2013-07-06 22:20:00', '', 1, 0, 0, 0, 0, 697000),
(629, 3, 5, 1, '2013-07-06 23:15:00', '2013-07-06 23:50:00', '', 1, 0, 0, 0, 0, 187000),
(630, 15, 5, 1, '2013-07-06 23:50:00', '2013-07-07 01:10:00', '', 1, 0, 0, 0, 0, 658000),
(631, 2, 6, 16, '2013-07-07 17:20:00', '2013-07-07 19:00:00', 'Nhậu với Anh Tuấn ', 2, 0, 0, 0, 0, 425000),
(632, 3, 6, 1, '2013-07-07 20:24:49', '2013-07-07 21:30:00', '', 1, 0, 0, 0, 0, 201000),
(633, 14, 6, 1, '2013-07-07 21:22:50', '2013-07-07 21:46:00', '', 1, 0, 0, 0, 0, 85000),
(634, 17, 3, 1, '2013-07-08 00:27:32', '2013-07-08 01:46:00', '', 1, 0, 0, 0, 0, 253000),
(635, 2, 6, 1, '2013-07-08 20:21:47', '2013-07-08 22:10:00', '', 1, 0, 0, 0, 0, 443000),
(636, 2, 6, 16, '2013-07-09 22:20:04', '2013-07-09 22:20:04', '', 2, 0, 0, 0, 0, 438000),
(637, 17, 6, 13, '2013-07-10 21:38:00', '2013-07-11 02:12:00', '', 2, 0, 0, 0, 0, 721000),
(638, 2, 6, 1, '2013-07-10 23:32:00', '2013-07-11 01:17:00', '', 1, 0, 0, 0, 0, 502000),
(639, 1, 6, 1, '2013-07-11 01:44:00', '2013-07-11 01:44:00', '', 1, 0, 0, 0, 0, 37000),
(640, 3, 6, 1, '2013-07-11 10:56:00', '2013-07-11 12:19:00', '', 1, 0, 0, 0, 0, 257000),
(641, 3, 5, 1, '2013-07-11 18:45:00', '2013-07-11 20:11:00', '', 1, 0, 0, 0, 0, 406000),
(642, 15, 5, 1, '2013-07-11 20:46:31', '2013-07-11 21:44:00', '', 1, 0, 0, 0, 0, 475000),
(643, 17, 5, 1, '2013-07-11 21:51:04', '2013-07-11 23:01:00', '', 1, 0, 0, 0, 0, 175000),
(644, 2, 5, 1, '2013-07-11 22:00:37', '2013-07-11 23:41:00', '', 1, 0, 0, 0, 0, 306000),
(645, 14, 5, 1, '2013-07-11 23:37:36', '2013-07-12 00:45:00', '', 1, 0, 0, 0, 0, 353000),
(646, 3, 5, 1, '2013-07-11 23:42:16', '2013-07-12 00:49:00', '', 1, 0, 0, 0, 0, 401000),
(647, 15, 5, 1, '2013-07-11 23:54:17', '2013-07-12 00:54:00', '', 1, 0, 0, 0, 0, 510000),
(648, 17, 5, 1, '2013-07-11 23:56:13', '2013-07-12 02:16:00', 'Bạn Anh Khoa tính giá bia bình thường', 1, 0, 0, 0, 0, 535000),
(649, 14, 5, 1, '2013-07-12 00:54:05', '2013-07-12 01:05:00', '', 1, 0, 0, 0, 0, 44000),
(650, 1, 6, 1, '2013-07-12 02:37:42', '2013-07-12 02:37:42', '', 1, 0, 0, 0, 0, 15000),
(651, 17, 5, 1, '2013-07-12 15:00:00', '2013-07-12 15:28:00', '', 1, 1000, 0, 0, 0, 120000),
(652, 17, 6, 1, '2013-07-12 21:13:28', '2013-07-12 23:21:00', 'Anh Cường ', 1, 3000, 0, 0, 0, 465000),
(653, 2, 6, 1, '2013-07-12 23:17:40', '2013-07-13 00:58:00', '', 1, 0, 0, 0, 0, 373000),
(654, 3, 6, 1, '2013-07-12 23:55:03', '2013-07-13 00:42:00', '', 1, 0, 0, 0, 0, 244000),
(655, 2, 6, 1, '2013-07-13 19:05:19', '2013-07-13 20:12:00', '', 1, 0, 0, 0, 0, 390000),
(656, 17, 6, 13, '2013-07-13 21:03:43', '2013-07-14 03:45:00', '', 2, 0, 10, 0, 0, 1006000),
(657, 3, 6, 1, '2013-07-13 22:24:52', '2013-07-14 01:35:00', '', 1, 0, 0, 0, 0, 787000),
(658, 2, 6, 1, '2013-07-13 22:35:00', '2013-07-14 00:45:00', '', 1, 0, 0, 0, 0, 746000),
(659, 15, 6, 1, '2013-07-13 22:56:31', '2013-07-14 00:31:00', '', 1, 0, 0, 0, 0, 417000),
(660, 17, 6, 1, '2013-07-14 18:24:00', '2013-07-14 20:23:00', 'Anh Thái(kết toán)còn nợ 255.000đ', 2, 0, 0, 0, 0, 335000),
(661, 2, 6, 1, '2013-07-14 18:57:43', '2013-07-14 20:32:00', '', 1, 0, 0, 0, 0, 445000),
(662, 3, 6, 1, '2013-07-14 23:50:00', '2013-07-15 01:48:00', '', 1, 0, 0, 0, 0, 364000),
(663, 2, 6, 1, '2013-07-15 01:00:00', '2013-07-15 03:00:00', '', 1, 0, 0, 0, 0, 400000),
(664, 16, 6, 1, '2013-07-15 22:25:05', '2013-07-16 01:16:00', '', 1, 0, 0, 0, 0, 878000),
(665, 1, 6, 16, '2013-07-15 23:21:47', '2013-07-15 23:21:47', 'Mua thêm gỏi vịt', 2, 0, 0, 50000, 0, 620000),
(666, 17, 6, 1, '2013-07-16 00:21:03', '2013-07-16 04:06:00', '', 1, 0, 0, 0, 0, 919000),
(667, 2, 6, 1, '2013-07-16 00:40:00', '2013-07-16 02:20:00', '', 1, 0, 0, 0, 0, 358000),
(668, 17, 6, 1, '2013-07-16 20:33:55', '2013-07-16 22:48:00', '', 1, 0, 0, 0, 0, 310000),
(669, 2, 6, 1, '2013-07-16 23:18:00', '2013-07-17 00:23:00', '', 1, 0, 0, 0, 0, 243000),
(670, 26, 6, 1, '2013-07-16 23:35:25', '2013-07-17 00:40:00', '', 1, 0, 0, 0, 0, 283000),
(671, 16, 6, 1, '2013-07-16 23:40:47', '2013-07-17 01:28:00', '', 1, 0, 0, 0, 0, 354000),
(672, 17, 6, 1, '2013-07-16 23:43:27', '2013-07-17 01:05:00', '', 1, 0, 0, 0, 0, 264000),
(673, 3, 6, 1, '2013-07-17 00:25:45', '2013-07-17 02:06:00', '', 1, 0, 0, 0, 0, 608000),
(674, 1, 6, 1, '2013-07-17 01:18:24', '2013-07-17 01:18:24', '', 1, 0, 0, 0, 0, 25000),
(675, 26, 6, 13, '2013-07-17 20:43:11', '2013-07-18 01:42:00', '', 2, 0, 10, 0, 0, 1438000),
(676, 17, 6, 1, '2013-07-17 22:35:21', '2013-07-18 00:15:00', '', 1, 0, 0, 0, 0, 646000),
(677, 2, 6, 1, '2013-07-17 23:46:47', '2013-07-18 01:16:00', '', 1, 0, 0, 0, 0, 302000),
(678, 16, 6, 1, '2013-07-17 23:57:44', '2013-07-18 01:08:00', '', 1, 0, 0, 0, 0, 453000),
(680, 15, 6, 1, '2013-07-18 00:26:37', '2013-07-18 02:26:00', '', 1, 0, 0, 0, 0, 599000),
(681, 14, 6, 1, '2013-07-18 12:15:00', '2013-07-18 13:55:00', '', 1, 0, 0, 0, 0, 350000),
(682, 1, 6, 1, '2013-07-18 23:02:00', '2013-07-18 23:37:00', '', 1, 0, 0, 0, 0, 168000),
(683, 1, 6, 1, '2013-07-19 21:49:35', '2013-07-19 23:10:00', '', 1, 0, 0, 0, 0, 740000),
(684, 2, 6, 16, '2013-07-18 21:50:00', '2013-07-18 21:50:00', 'Nhậu sinh nhật A minh', 2, 0, 0, 0, 0, 180000),
(685, 2, 6, 1, '2013-07-18 21:52:00', '2013-07-18 21:52:00', 'Xuất cho Khách Sạn', 2, 0, 0, 0, 0, 17000),
(686, 2, 6, 1, '2013-07-19 22:00:00', '2013-07-20 00:42:00', '', 1, 0, 0, 0, 0, 913000),
(687, 17, 6, 1, '2013-07-19 23:50:33', '2013-07-20 01:02:00', '', 1, 0, 0, 0, 0, 309000),
(688, 1, 6, 1, '2013-07-19 23:58:49', '2013-07-19 23:58:49', 'Xuất cho Khách sạn', 1, 0, 0, 0, 0, 0),
(689, 16, 6, 1, '2013-07-20 20:09:39', '2013-07-20 23:00:00', 'ANH THẮNG NỢ', 2, 0, 0, 0, 0, 698000),
(690, 1, 6, 1, '2013-07-20 22:07:24', '2013-07-20 22:52:00', '', 1, 0, 0, 0, 0, 256000),
(691, 2, 6, 1, '2013-07-21 14:40:22', '2013-07-21 15:55:00', '', 1, 0, 0, 0, 0, 557000),
(692, 1, 6, 1, '2013-07-21 15:59:31', '2013-07-21 18:22:00', '', 1, 0, 0, 0, 0, 553000),
(693, 2, 6, 20, '2013-07-21 18:26:41', '2013-07-21 20:03:00', '', 2, 0, 0, 0, 0, 428000),
(694, 26, 6, 1, '2013-07-21 23:03:36', '2013-07-22 00:14:00', '', 1, 0, 0, 0, 0, 351000),
(695, 1, 6, 1, '2013-07-22 00:09:01', '2013-07-22 01:29:00', 'Phụ thu ', 1, 0, 0, 10000, 0, 363000),
(696, 2, 6, 1, '2013-07-22 00:30:00', '2013-07-22 01:58:00', '', 1, 0, 0, 0, 0, 414000),
(697, 1, 6, 1, '2013-07-22 02:12:28', '2013-07-22 02:12:28', '', 1, 0, 0, 0, 0, 10000),
(698, 17, 6, 1, '2013-07-22 19:40:00', '2013-07-22 22:02:00', '', 1, 0, 0, 0, 0, 809000),
(699, 1, 6, 16, '2013-07-21 22:00:00', '2013-07-21 22:00:00', 'Nhậu trên phòng voi anh Tuấn,Anh khải', 2, 0, 0, 0, 0, 408000),
(700, 1, 6, 20, '2013-07-21 22:02:00', '2013-07-21 22:02:00', '', 2, 0, 0, 0, 0, 480000),
(701, 1, 6, 1, '2013-07-23 00:22:47', '2013-07-23 02:56:00', 'Chôm chôm thêm', 1, 0, 0, 30000, 0, 861000),
(702, 2, 6, 1, '2013-07-23 02:03:20', '2013-07-23 02:03:20', '', 1, 0, 0, 0, 0, 15000),
(703, 1, 6, 16, '2013-07-23 03:17:01', '2013-07-23 03:17:01', '', 2, 0, 0, 0, 0, 50000),
(704, 17, 6, 1, '2013-07-23 15:00:00', '2013-07-23 15:47:00', '', 1, 0, 0, 0, 0, 323000),
(705, 1, 6, 1, '2013-07-23 16:15:45', '2013-07-23 16:15:45', '', 1, 0, 0, 0, 0, 90000),
(706, 17, 5, 1, '2013-07-23 21:13:13', '2013-07-23 23:56:00', '', 1, 0, 0, 0, 0, 638000),
(707, 2, 5, 1, '2013-07-23 23:30:00', '2013-07-24 00:33:00', '', 1, 0, 0, 0, 0, 398000),
(708, 16, 5, 1, '2013-07-24 00:26:11', '2013-07-24 03:30:00', '', 1, 0, 0, 0, 0, 665000),
(709, 1, 5, 16, '2013-07-24 01:35:46', '2013-07-24 01:35:46', 'Sinh nhật Anh Khoa', 2, 0, 0, 0, 0, 305000),
(710, 3, 5, 16, '2013-07-24 00:26:00', '2013-07-24 03:28:00', 'Nhậu trên hội trường (Tuấn+..)', 2, 0, 0, 0, 0, 823000),
(711, 1, 5, 1, '2013-07-24 03:36:04', '2013-07-24 03:36:04', 'Xuất cho Khách sạn', 2, 0, 0, 0, 0, 75000),
(712, 1, 6, 1, '2013-07-25 00:30:00', '2013-07-25 03:37:00', '', 1, 0, 0, 0, 0, 928000),
(714, 17, 6, 1, '2013-07-25 00:43:00', '2013-07-25 01:25:00', 'GIỮ 1 CMND+ĐTDĐ ', 2, 0, 0, 0, 0, 364000),
(715, 17, 6, 1, '2013-07-25 02:06:04', '2013-07-25 03:38:00', 'Hiếu nhân viên', 1, 0, 10, 0, 0, 157000),
(716, 26, 6, 1, '2013-07-25 17:21:00', '2013-07-25 18:16:00', '', 1, 0, 0, 0, 0, 463000),
(717, 1, 3, 1, '2013-07-25 23:10:29', '2013-07-26 01:18:00', '', 1, 0, 0, 0, 0, 265000),
(718, 2, 6, 1, '2013-07-25 23:48:00', '2013-07-26 00:20:00', '', 1, 0, 0, 0, 0, 193000),
(719, 17, 6, 1, '2013-07-26 01:40:54', '2013-07-26 02:14:00', '', 1, 0, 0, 0, 0, 314000),
(720, 17, 6, 13, '2013-07-26 02:30:00', '2013-07-26 04:39:00', '', 1, 0, 10, 0, 0, 312000),
(721, 2, 6, 1, '2013-07-26 11:30:00', '2013-07-26 13:04:00', '', 1, 0, 0, 0, 0, 502000),
(722, 2, 6, 16, '2013-07-26 14:35:00', '2013-07-26 18:00:00', 'Mì xào bò.Nhậu với Tâm ', 2, 0, 0, 90000, 0, 838000),
(723, 2, 6, 1, '2013-07-27 00:42:00', '2013-07-27 02:15:00', '', 1, 0, 0, 0, 0, 353000),
(724, 1, 6, 16, '2013-07-27 18:06:00', '2013-07-27 18:06:00', 'Nhậu với Anh Tâm(bạn a Linh)', 2, 0, 0, 0, 0, 279000),
(725, 2, 5, 1, '2013-07-27 09:45:00', '2013-07-27 12:34:00', '', 1, 0, 0, 0, 0, 328000),
(726, 2, 6, 15, '2013-07-27 13:45:55', '2013-07-27 17:15:00', '', 2, 0, 0, 0, 0, 953000),
(727, 26, 6, 1, '2013-07-27 18:30:00', '2013-07-27 21:30:00', '', 1, 0, 0, 0, 0, 727000),
(728, 17, 6, 1, '2013-07-27 19:57:19', '2013-07-27 22:26:00', '', 1, 0, 0, 0, 0, 890000),
(729, 1, 6, 1, '2013-07-27 20:46:48', '2013-07-27 21:50:00', '', 1, 0, 0, 0, 0, 227000),
(730, 1, 6, 1, '2013-07-27 17:30:00', '2013-07-27 17:30:00', 'Ch Trúc karaoke voi Châu ', 2, 0, 0, 0, 0, 20000),
(731, 2, 5, 1, '2013-07-28 17:05:00', '2013-07-28 17:55:00', '', 1, 0, 0, 0, 0, 187000),
(732, 1, 6, 1, '2013-07-29 12:16:49', '2013-07-29 13:41:00', '', 1, 0, 0, 0, 0, 218000),
(733, 1, 5, 1, '2013-07-29 13:51:08', '2013-07-29 17:11:00', ' Trí (CA) Nợ lại tiền karaoke 233.000đ', 1, 233000, 0, 0, 0, 385000),
(734, 26, 5, 1, '2013-07-30 14:12:05', '2013-07-30 18:40:00', '', 1, 0, 0, 0, 0, 1216000),
(735, 2, 5, 1, '2013-07-30 20:15:00', '2013-07-30 21:15:00', '', 1, 0, 0, 0, 0, 416000);
INSERT INTO `k3d_session` (`id`, `idtable`, `iduser`, `idcustomer`, `datetime`, `datetimeend`, `note`, `status`, `discount_value`, `discount_percent`, `surtax`, `payment`, `value`) VALUES
(736, 1, 5, 1, '2013-07-30 20:44:00', '2013-07-30 22:15:00', 'Anh Khoa KM Dĩa Nhái Chiên ', 1, 0, 0, 0, 0, 510000),
(737, 17, 5, 1, '2013-07-30 22:14:58', '2013-07-31 00:35:00', '', 1, 0, 0, 0, 0, 424000),
(738, 1, 3, 1, '2013-07-31 00:27:46', '2013-07-31 02:44:00', '', 1, 0, 0, 0, 0, 588000),
(739, 2, 6, 1, '2013-07-31 14:33:08', '2013-07-31 15:26:00', '', 1, 0, 0, 0, 0, 678000),
(740, 1, 6, 1, '2013-07-31 15:38:28', '2013-07-31 15:38:28', '', 1, 0, 0, 0, 0, 30000),
(741, 2, 5, 1, '2013-07-31 22:07:40', '2013-08-01 00:32:00', '', 1, 1000, 0, 0, 0, 707000),
(742, 17, 5, 1, '2013-07-31 23:30:00', '2013-08-01 01:08:00', '', 1, 0, 0, 0, 0, 643000),
(743, 1, 5, 1, '2013-08-01 00:50:00', '2013-08-01 02:08:00', '', 1, 0, 0, 0, 0, 396000),
(744, 17, 5, 1, '2013-08-01 15:45:00', '2013-08-01 17:10:00', '', 1, 0, 0, 0, 0, 409000),
(745, 2, 5, 1, '2013-08-01 19:25:00', '2013-08-01 21:27:00', 'Anh Khoa Tặng 1 Dĩa Nhái Chiên', 1, 60000, 0, 0, 0, 671000),
(746, 2, 5, 1, '2013-08-01 22:08:06', '2013-08-02 00:51:00', '', 1, 0, 0, 0, 0, 825000),
(747, 17, 5, 1, '2013-08-01 23:40:00', '2013-08-02 01:05:00', '', 1, 0, 0, 0, 0, 434000),
(748, 26, 6, 1, '2013-08-02 19:12:00', '2013-08-02 23:00:00', 'Cơ Quan Chị Trúc', 1, 0, 0, 0, 0, 1405000),
(749, 27, 3, 1, '2013-08-02 20:45:52', '2013-08-02 23:29:00', 'Cơ Quan Chị Trúc', 1, 0, 0, 0, 0, 990000),
(750, 17, 3, 1, '2013-08-02 23:54:36', '2013-08-03 03:10:00', '', 1, 0, 0, 0, 0, 765000),
(751, 2, 3, 1, '2013-08-02 23:54:56', '2013-08-03 01:42:00', '', 1, 0, 0, 0, 0, 671000),
(752, 1, 6, 1, '2013-08-03 03:11:13', '2013-08-03 03:11:13', '', 1, 0, 0, 0, 0, 12000),
(753, 2, 5, 1, '2013-08-03 18:00:00', '2013-08-03 19:26:00', '', 1, 0, 0, 0, 0, 357000),
(754, 2, 5, 1, '2013-08-03 19:40:00', '2013-08-03 21:13:00', '', 1, 0, 0, 0, 0, 140000),
(755, 27, 5, 16, '2013-08-03 23:04:00', '2013-08-04 00:46:00', 'Sinh nhật Chị trúc', 2, 0, 0, 0, 0, 775000),
(756, 1, 6, 16, '2013-08-04 00:56:53', '2013-08-04 00:56:53', 'Sinh Nhật Chị Trúc(hội trường)', 2, 0, 0, 0, 0, 1493000),
(758, 27, 5, 1, '2013-08-04 14:50:00', '2013-08-04 17:42:00', '', 1, 0, 0, 0, 0, 1734000),
(759, 2, 5, 1, '2013-08-04 15:15:00', '2013-08-04 17:43:00', '', 1, 0, 0, 0, 0, 998000),
(760, 17, 5, 1, '2013-08-04 16:00:00', '2013-08-04 17:32:00', '', 1, 0, 0, 0, 0, 265000),
(761, 1, 5, 1, '2013-08-04 17:58:31', '2013-08-04 17:58:31', '', 1, 0, 0, 0, 0, 29000),
(763, 26, 5, 1, '2013-08-04 19:36:48', '2013-08-04 22:41:00', 'Anh Khoa KM dĩa trái cây.Phụ thụ tiền bắp nướng .A', 2, 0, 0, 25000, 0, 982000),
(764, 27, 5, 1, '2013-08-04 20:14:00', '2013-08-04 21:30:00', '', 1, 1000, 0, 0, 0, 625000),
(765, 17, 5, 1, '2013-08-04 22:33:00', '2013-08-05 00:47:00', '', 1, 0, 0, 0, 0, 620000),
(766, 2, 5, 1, '2013-08-04 23:15:27', '2013-08-05 01:46:00', '', 1, 0, 0, 0, 0, 380000),
(767, 16, 5, 1, '2013-08-04 23:32:53', '2013-08-05 02:20:00', '', 1, 0, 0, 0, 0, 541000),
(768, 15, 5, 1, '2013-08-04 23:47:20', '2013-08-05 02:07:00', 'Thanh toán trước 400.000(GIỮ 1 CMND+1 ĐTDĐ)', 2, 0, 0, 0, 0, 776000),
(769, 14, 5, 1, '2013-08-05 01:14:20', '2013-08-05 03:17:00', '', 1, 0, 0, 0, 0, 556000),
(770, 27, 5, 1, '2013-08-05 18:15:00', '2013-08-05 20:40:00', '', 1, 0, 0, 0, 0, 482000),
(771, 17, 5, 1, '2013-08-05 18:18:00', '2013-08-05 20:48:00', '', 1, 0, 0, 0, 0, 367000),
(772, 2, 5, 15, '2013-08-05 19:43:24', '2013-08-05 23:00:00', '', 2, 0, 0, 0, 0, 579000),
(773, 17, 5, 1, '2013-08-05 23:39:18', '2013-08-06 00:41:00', '', 1, 0, 0, 0, 0, 241000),
(774, 2, 5, 1, '2013-08-06 00:50:00', '2013-08-06 02:42:00', '', 1, 0, 0, 0, 0, 497000),
(775, 16, 5, 1, '2013-08-06 01:27:11', '2013-08-06 03:03:00', '', 1, 0, 0, 0, 0, 274000),
(776, 1, 5, 1, '2013-08-06 02:41:02', '2013-08-06 02:41:02', 'Xuất cho khách sạn(Khách sạn thu)', 2, 0, 0, 0, 0, 48000),
(777, 17, 5, 1, '2013-08-06 13:25:00', '2013-08-06 13:55:00', '', 1, 0, 0, 0, 0, 107000),
(778, 17, 5, 1, '2013-08-06 19:10:00', '2013-08-06 20:18:00', '', 1, 0, 0, 0, 0, 372000),
(780, 26, 5, 1, '2013-08-06 19:21:34', '2013-08-06 19:58:00', '', 1, 0, 0, 0, 0, 350000),
(781, 17, 6, 1, '2013-08-06 21:39:02', '2013-08-06 22:37:00', '', 1, 0, 0, 0, 0, 231000),
(782, 27, 6, 1, '2013-08-06 21:45:41', '2013-08-06 23:40:00', '', 1, 0, 0, 0, 0, 983000),
(783, 2, 6, 1, '2013-08-06 21:53:00', '2013-08-06 23:30:00', 'Tín', 2, 0, 10, 0, 0, 217000),
(784, 16, 6, 1, '2013-08-06 22:16:27', '2013-08-07 00:13:00', '', 1, 0, 0, 0, 0, 247000),
(785, 1, 6, 1, '2013-08-06 22:53:37', '2013-08-06 22:53:37', '', 1, 0, 0, 0, 0, 25000),
(786, 14, 6, 1, '2013-08-06 23:39:02', '2013-08-07 01:26:00', '', 1, 0, 0, 0, 0, 475000),
(787, 15, 6, 1, '2013-08-07 00:01:56', '2013-08-07 02:26:00', '', 1, 0, 0, 0, 0, 675000),
(788, 2, 5, 1, '2013-08-07 13:10:00', '2013-08-07 14:15:00', '', 1, 0, 0, 0, 0, 342000),
(789, 17, 5, 1, '2013-08-07 18:10:00', '2013-08-07 19:30:00', '', 1, 0, 0, 0, 0, 283000),
(790, 2, 5, 1, '2013-08-07 22:23:09', '2013-08-07 22:35:00', '', 1, 0, 0, 0, 0, 18000),
(791, 2, 5, 1, '2013-08-07 23:21:56', '2013-08-08 00:40:00', '', 1, 0, 0, 0, 0, 335000),
(792, 1, 5, 1, '2013-08-08 00:48:44', '2013-08-08 00:48:44', '', 1, 0, 0, 0, 0, 15000),
(793, 27, 5, 16, '2013-08-08 13:30:00', '2013-08-08 16:00:00', 'Anh Khoa nhậu với Thái,Sĩ Hiền ', 2, 0, 0, 0, 0, 770000),
(794, 2, 6, 1, '2013-08-08 22:55:00', '2013-08-09 00:45:00', '', 1, 0, 0, 0, 0, 456000),
(795, 27, 6, 16, '2013-08-08 23:05:59', '2013-08-08 23:05:59', 'Nhâu với Anh Thái,Sỉ HIỀN', 2, 0, 0, 0, 0, 25000),
(796, 17, 5, 1, '2013-08-09 19:50:00', '2013-08-09 21:50:00', '', 1, 0, 0, 0, 0, 318000),
(797, 26, 5, 1, '2013-08-09 19:59:50', '2013-08-09 23:01:00', 'Phòng Anh Thái(ch Trúc)', 1, 0, 20, 0, 0, 505000),
(798, 1, 5, 1, '2013-08-09 21:15:24', '2013-08-09 21:15:24', '', 1, 0, 0, 0, 0, 44000),
(799, 2, 5, 1, '2013-08-09 21:55:33', '2013-08-09 23:06:00', '', 1, 0, 0, 0, 0, 285000),
(800, 16, 5, 1, '2013-08-09 23:22:44', '2013-08-09 23:55:00', '', 1, 0, 0, 0, 0, 128000),
(801, 27, 5, 16, '2013-08-09 23:36:12', '2013-08-09 23:36:12', '', 2, 0, 0, 0, 0, 45000),
(802, 1, 3, 1, '2013-08-10 01:24:28', '2013-08-10 01:24:28', '', 1, 0, 0, 0, 0, 60000),
(803, 16, 5, 1, '2013-08-10 15:36:19', '2013-08-10 17:00:00', '', 1, 0, 0, 0, 0, 172000),
(804, 1, 5, 16, '2013-08-09 15:37:00', '2013-08-09 15:37:00', 'Nhậu với Anh Cường', 2, 0, 0, 0, 0, 380000),
(805, 1, 5, 1, '2013-08-10 15:39:37', '2013-08-10 15:39:37', '', 1, 0, 10, 0, 0, 273000),
(807, 2, 5, 15, '2013-08-10 16:26:00', '2013-08-10 21:40:00', '', 2, 0, 0, 0, 0, 1302000),
(809, 17, 5, 1, '2013-08-10 23:30:00', '2013-08-11 00:21:00', '', 1, 0, 0, 0, 0, 256000),
(810, 1, 5, 1, '2013-08-11 00:04:26', '2013-08-11 00:04:26', '', 1, 0, 0, 0, 0, 25000),
(811, 14, 3, 1, '2013-08-11 01:00:00', '2013-08-11 02:20:00', '', 1, 0, 0, 0, 0, 373000),
(812, 17, 5, 1, '2013-08-11 21:20:00', '2013-08-11 23:38:00', '', 1, 0, 0, 0, 0, 428000),
(813, 2, 5, 1, '2013-08-11 21:45:00', '2013-08-11 23:25:00', '', 1, 0, 0, 0, 0, 729000),
(814, 27, 5, 16, '2013-08-11 22:05:07', '2013-08-12 00:10:00', 'Anh Khoa Nhậu với Anh Thắng Sài Gòn', 2, 0, 0, 0, 0, 588000),
(815, 16, 5, 1, '2013-08-11 22:15:00', '2013-08-12 00:10:00', '', 1, 0, 0, 0, 0, 340000),
(816, 1, 5, 1, '2013-08-12 21:28:24', '2013-08-12 21:28:24', '', 1, 0, 0, 0, 0, 25000),
(817, 2, 5, 1, '2013-08-12 22:45:00', '2013-08-13 01:32:00', '', 1, 0, 0, 0, 0, 1030000),
(818, 17, 5, 1, '2013-08-12 23:50:00', '2013-08-13 00:25:00', '', 1, 0, 0, 0, 0, 140000),
(819, 16, 5, 1, '2013-08-13 00:39:57', '2013-08-13 01:52:00', '', 1, 0, 0, 0, 0, 280000),
(820, 17, 5, 1, '2013-08-13 01:00:00', '2013-08-13 02:50:00', '', 1, 0, 0, 0, 0, 458000),
(821, 14, 5, 1, '2013-08-13 01:50:00', '2013-08-13 02:50:00', '', 1, 0, 0, 0, 0, 326000),
(822, 1, 5, 1, '2013-08-13 02:27:59', '2013-08-13 02:27:59', '', 1, 0, 0, 0, 0, 55000),
(823, 17, 5, 1, '2013-08-13 22:29:42', '2013-08-14 01:36:00', '', 1, 0, 0, 0, 0, 750000),
(824, 2, 5, 1, '2013-08-13 23:55:36', '2013-08-14 01:15:00', '', 1, 0, 0, 0, 0, 640000),
(825, 1, 5, 16, '2013-08-14 01:37:38', '2013-08-14 01:37:38', 'Anh Khoa Nhậu Với Anh Hoài CA', 2, 0, 0, 0, 0, 255000),
(826, 16, 5, 1, '2013-08-14 01:49:46', '2013-08-14 03:02:00', '', 1, 0, 0, 0, 0, 401000),
(827, 1, 5, 1, '2013-08-14 02:10:01', '2013-08-14 02:10:01', '', 1, 0, 0, 0, 0, 25000),
(828, 26, 5, 1, '2013-08-14 18:20:00', '2013-08-14 22:25:00', '', 1, 0, 0, 0, 0, 1349000),
(829, 26, 5, 16, '2013-08-14 22:37:00', '2013-08-14 22:37:11', 'Anh Khoa Nhậu với Anh Thắng Bên Cồn', 2, 0, 0, 0, 0, 72000),
(830, 1, 5, 1, '2013-08-14 22:41:52', '2013-08-14 22:41:52', '', 1, 0, 0, 0, 0, 60000),
(831, 2, 5, 1, '2013-08-14 23:55:00', '2013-08-15 00:28:00', '', 1, 0, 0, 0, 0, 297000),
(832, 17, 5, 1, '2013-08-15 00:00:00', '2013-08-15 01:30:00', '', 1, 0, 0, 0, 0, 423000),
(833, 14, 5, 1, '2013-08-15 00:08:28', '2013-08-15 01:40:00', '', 1, 0, 0, 0, 0, 512000),
(834, 1, 5, 16, '2013-08-15 11:31:39', '2013-08-15 11:31:39', '', 2, 0, 0, 0, 0, 195000),
(835, 2, 5, 1, '2013-08-15 12:00:00', '2013-08-15 13:15:00', '', 1, 0, 0, 0, 0, 537000),
(836, 17, 5, 1, '2013-08-15 22:40:25', '2013-08-15 23:42:00', '', 1, 0, 0, 0, 0, 306000),
(837, 2, 5, 1, '2013-08-15 23:59:24', '2013-08-16 01:45:00', '', 1, 0, 0, 0, 0, 557000),
(838, 16, 5, 1, '2013-08-16 00:12:36', '2013-08-16 02:10:00', 'Bể 1 Chai Bia', 1, 0, 0, 10000, 0, 510000),
(839, 17, 5, 1, '2013-08-16 14:30:00', '2013-08-16 14:45:00', '', 1, 0, 0, 0, 0, 48000),
(841, 17, 5, 1, '2013-08-16 23:40:56', '2013-08-17 01:22:00', '', 1, 0, 0, 0, 0, 302000),
(842, 2, 5, 1, '2013-08-16 23:44:19', '2013-08-17 02:00:00', '', 1, 0, 0, 0, 0, 912000),
(843, 27, 5, 1, '2013-08-16 17:50:00', '2013-08-16 19:02:00', '', 1, 0, 0, 0, 0, 327000),
(844, 16, 5, 1, '2013-08-17 00:42:31', '2013-08-17 02:15:00', '', 1, 0, 0, 0, 0, 375000),
(845, 14, 5, 1, '2013-08-17 00:42:49', '2013-08-17 03:13:00', '', 1, 0, 0, 0, 0, 555000),
(846, 1, 5, 1, '2013-08-17 03:10:15', '2013-08-17 03:10:15', '', 1, 0, 0, 0, 0, 15000),
(847, 27, 5, 1, '2013-08-17 14:00:00', '2013-08-17 17:30:00', '', 1, 0, 0, 0, 0, 700000),
(848, 17, 5, 1, '2013-08-17 20:34:06', '2013-08-17 22:40:00', '', 1, 0, 0, 0, 0, 489000),
(849, 16, 5, 1, '2013-08-17 23:10:35', '2013-08-18 00:05:00', '', 1, 0, 0, 0, 0, 147000),
(850, 2, 5, 1, '2013-08-17 23:38:41', '2013-08-18 01:15:00', '', 1, 0, 0, 0, 0, 358000),
(851, 17, 5, 1, '2013-08-18 00:11:55', '2013-08-18 00:35:00', '', 1, 0, 0, 0, 0, 219000),
(852, 16, 5, 1, '2013-08-18 12:55:00', '2013-08-18 14:20:00', '', 1, 0, 0, 0, 0, 339000),
(853, 1, 5, 16, '2013-08-18 13:42:03', '2013-08-18 13:42:03', 'Anh Khoa Nhậu Với Chú Tám Mỹ Hiệp', 2, 0, 0, 0, 0, 78000),
(854, 17, 5, 1, '2013-08-18 21:04:59', '2013-08-18 22:42:00', '', 1, 0, 0, 0, 0, 243000),
(855, 16, 5, 1, '2013-08-19 00:15:10', '2013-08-19 04:30:00', '', 1, 0, 0, 0, 0, 1441000),
(856, 2, 5, 1, '2013-08-19 02:44:56', '2013-08-19 03:57:00', '', 1, 0, 0, 0, 0, 343000),
(857, 1, 5, 1, '2013-08-19 04:02:09', '2013-08-19 04:02:09', '', 1, 0, 0, 0, 0, 30000),
(858, 1, 5, 16, '2013-08-19 04:04:51', '2013-08-19 04:04:51', 'Anh Khoa Mua', 2, 0, 0, 0, 0, 25000),
(859, 1, 5, 1, '2013-08-19 15:15:05', '2013-08-19 15:15:05', '', 1, 0, 0, 0, 0, 30000),
(860, 17, 5, 1, '2013-08-19 20:10:00', '2013-08-19 21:22:00', '', 1, 0, 0, 0, 0, 248000),
(861, 17, 5, 1, '2013-08-19 22:30:00', '2013-08-20 00:50:00', '', 1, 0, 0, 0, 0, 798000),
(862, 2, 5, 13, '2013-08-19 22:35:00', '2013-08-20 01:15:00', '', 2, 0, 10, 0, 0, 225000),
(863, 16, 5, 1, '2013-08-19 23:35:00', '2013-08-20 01:35:00', '', 1, 0, 0, 0, 0, 314000),
(864, 1, 5, 1, '2013-08-20 19:15:22', '2013-08-20 19:15:22', '', 1, 0, 0, 0, 0, 25000),
(865, 17, 5, 1, '2013-08-20 22:20:00', '2013-08-21 00:10:00', '', 1, 0, 0, 0, 0, 671000),
(867, 2, 5, 1, '2013-08-20 23:05:00', '2013-08-21 01:00:00', 'Bể 1 Cái Ly', 1, 0, 0, 15000, 0, 503000),
(868, 16, 5, 1, '2013-08-20 23:25:00', '2013-08-21 01:30:00', '', 1, 0, 0, 0, 0, 398000),
(869, 27, 5, 1, '2013-08-21 00:03:12', '2013-08-21 03:00:00', '', 1, 0, 0, 0, 0, 626000),
(870, 15, 5, 1, '2013-08-21 00:20:00', '2013-08-21 01:40:00', '', 1, 0, 0, 0, 0, 170000),
(871, 1, 5, 1, '2013-08-21 02:59:24', '2013-08-21 02:59:24', '', 1, 0, 0, 0, 0, 30000),
(872, 26, 5, 1, '2013-08-22 20:20:00', '2013-08-22 21:30:00', '', 1, 0, 0, 0, 0, 286000),
(873, 17, 5, 1, '2013-08-22 22:47:54', '2013-08-23 00:52:00', '', 1, 0, 0, 0, 0, 368000),
(874, 2, 5, 1, '2013-08-22 23:32:45', '2013-08-23 02:00:00', '', 1, 0, 0, 0, 0, 781000),
(875, 2, 5, 13, '2013-08-23 21:10:08', '2013-08-23 23:00:00', 'Nợ phiếu', 2, 0, 10, 0, 0, 344000),
(876, 17, 5, 1, '2013-08-24 14:30:00', '2013-08-24 17:47:00', '', 1, 0, 0, 0, 0, 766000),
(877, 27, 5, 1, '2013-08-24 20:15:00', '2013-08-24 22:00:00', '', 1, 0, 0, 0, 0, 427000),
(878, 2, 5, 1, '2013-08-24 21:35:00', '2013-08-24 22:35:00', '', 1, 0, 0, 0, 0, 345000),
(879, 17, 5, 1, '2013-08-24 23:30:00', '2013-08-25 01:26:00', '', 1, 0, 0, 0, 0, 577000),
(880, 2, 5, 1, '2013-08-25 00:30:51', '2013-08-25 03:00:00', '', 1, 0, 0, 0, 0, 685000),
(881, 17, 5, 1, '2013-08-25 20:45:00', '2013-08-26 00:26:00', '', 1, 0, 0, 0, 0, 726000),
(882, 2, 5, 1, '2013-08-26 00:15:00', '2013-08-26 02:05:00', '', 1, 0, 0, 0, 0, 704000),
(883, 16, 5, 1, '2013-08-26 00:25:00', '2013-08-26 02:12:00', '', 1, 0, 0, 0, 0, 375000),
(884, 1, 5, 1, '2013-08-26 00:55:16', '2013-08-26 00:55:16', 'Tính Phiếu Này', 1, 0, 0, 0, 0, 54000),
(885, 3, 5, 1, '2013-08-26 20:25:00', '2013-08-26 21:27:00', '', 1, 0, 0, 0, 0, 212000),
(886, 17, 5, 1, '2013-08-26 22:20:39', '2013-08-27 00:57:00', '', 1, 0, 0, 0, 0, 864000),
(887, 16, 5, 1, '2013-08-26 23:45:00', '2013-08-27 01:00:00', '', 1, 0, 0, 0, 0, 269000),
(888, 27, 5, 16, '2013-08-26 23:40:00', '2013-08-27 01:44:00', 'Anh Khoa Nhậu Với A Hoài,Anh Nhân,Anh Giang CA', 2, 0, 0, 0, 0, 512000),
(889, 15, 5, 1, '2013-08-27 00:00:00', '2013-08-27 01:35:00', '', 1, 0, 0, 0, 0, 263000),
(890, 1, 5, 16, '2013-08-27 00:35:32', '2013-08-27 00:35:32', 'Anh Khoa Nhậu với Anh Hoài CA', 2, 0, 10, 0, 0, 360000),
(891, 17, 5, 1, '2013-08-28 17:35:00', '2013-08-28 19:15:00', '', 1, 0, 0, 0, 0, 333000),
(892, 2, 5, 1, '2013-08-28 18:58:31', '2013-08-28 20:15:00', '', 1, 0, 0, 0, 0, 380000),
(893, 16, 5, 1, '2013-08-28 20:34:38', '2013-08-28 22:20:00', '', 1, 0, 0, 0, 0, 364000),
(894, 3, 5, 1, '2013-08-28 22:10:22', '2013-08-29 00:10:00', '', 1, 0, 0, 0, 0, 266000),
(895, 2, 5, 15, '2013-08-29 19:50:44', '2013-08-29 22:45:00', 'Bể 1 Cái Chai Bia', 2, 0, 0, 15000, 0, 768000),
(896, 17, 5, 1, '2013-08-29 22:45:29', '2013-08-30 01:45:00', '', 1, 0, 0, 0, 0, 663000),
(897, 3, 5, 1, '2013-08-30 00:05:00', '2013-08-30 00:53:00', '', 1, 0, 0, 0, 0, 318000),
(898, 1, 5, 1, '2013-08-30 00:29:10', '2013-08-30 00:29:10', '', 1, 0, 0, 0, 0, 15000),
(899, 2, 5, 16, '2013-08-30 13:07:53', '2013-08-30 14:35:00', 'Nợ Phiếu Nhậu với Anh Khoa và Thâu', 2, 0, 0, 0, 0, 422000),
(900, 2, 5, 1, '2013-08-30 21:45:23', '2013-08-30 23:48:00', '', 1, 0, 0, 0, 0, 468000),
(901, 3, 5, 1, '2013-08-30 23:42:54', '2013-08-31 00:56:00', '', 1, 0, 0, 0, 0, 200000),
(903, 17, 5, 1, '2013-08-30 23:55:00', '2013-08-31 01:43:00', '', 1, 0, 0, 0, 0, 602000),
(904, 1, 5, 1, '2013-08-31 00:31:21', '2013-08-31 00:31:21', '', 1, 0, 0, 0, 0, 50000),
(905, 2, 5, 1, '2013-08-31 00:59:37', '2013-08-31 04:31:00', '', 1, 0, 0, 0, 0, 1474000),
(906, 1, 5, 16, '2013-08-31 21:34:59', '2013-08-31 21:34:59', 'A Khoa Nhậu với A Linh,A Tân,A Cường ở Hội Trường', 2, 0, 0, 0, 0, 884000),
(907, 2, 5, 1, '2013-08-31 22:18:08', '2013-08-31 23:50:00', '', 1, 0, 0, 0, 0, 557000),
(908, 15, 5, 1, '2013-09-01 00:47:11', '2013-09-01 02:47:00', '', 1, 0, 0, 0, 0, 490000),
(909, 16, 5, 1, '2013-09-01 00:47:19', '2013-09-01 02:00:00', '', 1, 0, 0, 0, 0, 311000),
(910, 1, 5, 1, '2013-09-01 01:37:08', '2013-09-01 01:37:08', '', 1, 0, 0, 0, 0, 25000),
(911, 2, 5, 13, '2013-09-01 01:40:21', '2013-09-01 03:38:00', '', 2, 0, 0, 0, 0, 447000),
(912, 16, 9, 1, '2013-09-01 17:15:00', '2013-09-01 19:30:00', '', 1, 0, 0, 0, 0, 950000),
(913, 16, 9, 1, '2013-09-01 19:32:38', '2013-09-01 19:32:38', '', 1, 0, 0, 0, 0, 60000),
(914, 15, 9, 1, '2013-09-01 20:17:41', '2013-09-01 22:25:00', '', 1, 0, 0, 0, 0, 391000),
(915, 16, 9, 1, '2013-09-01 20:58:22', '2013-09-01 21:47:00', '', 1, 0, 0, 0, 0, 219000),
(916, 27, 9, 1, '2013-09-01 21:10:00', '2013-09-01 22:38:00', '', 1, 0, 0, 0, 0, 301000),
(917, 16, 9, 1, '2013-09-01 23:34:16', '2013-09-02 01:02:00', '', 1, 0, 0, 0, 0, 495000),
(918, 1, 9, 1, '2013-09-02 00:08:57', '2013-09-02 00:08:57', '', 1, 0, 0, 0, 0, 25000),
(919, 16, 5, 1, '2013-09-02 12:29:58', '2013-09-02 15:06:00', 'Chị Thy Hát Với Bạn ', 2, 0, 0, 0, 0, 318000),
(920, 15, 5, 1, '2013-09-02 13:05:02', '2013-09-02 15:20:00', '', 1, 0, 0, 0, 0, 493000),
(921, 15, 5, 1, '2013-09-02 15:20:00', '2013-09-02 16:01:00', '', 1, 0, 0, 0, 0, 48000),
(922, 16, 5, 1, '2013-09-02 19:00:00', '2013-09-02 20:31:00', '', 1, 0, 0, 0, 0, 347000),
(923, 15, 5, 1, '2013-09-02 22:41:22', '2013-09-03 00:15:00', '', 1, 0, 0, 0, 0, 326000),
(924, 16, 5, 1, '2013-09-02 23:20:00', '2013-09-03 01:25:00', 'Bể 1 Chai Bia', 1, 0, 0, 10000, 0, 602000),
(925, 14, 5, 1, '2013-09-02 23:35:00', '2013-09-03 01:35:00', '', 1, 0, 0, 0, 0, 516000),
(927, 27, 5, 1, '2013-09-03 00:09:22', '2013-09-03 02:00:00', '', 1, 0, 0, 0, 0, 770000),
(928, 16, 5, 1, '2013-09-03 02:15:00', '2013-09-03 03:30:00', '', 1, 0, 0, 0, 0, 340000),
(929, 27, 5, 16, '2013-09-03 19:00:00', '2013-09-03 22:50:00', 'BIDV TT xong ngày 7/9', 1, 0, 0, 0, 0, 1393000),
(930, 1, 5, 23, '2013-09-03 19:34:31', '2013-09-03 19:34:31', 'Sang NV Khách Sạn Nợ Phiếu', 1, 0, 10, 0, 0, 234000),
(931, 26, 5, 24, '2013-09-05 22:00:00', '2013-09-06 00:45:00', 'Sinh Nhật Ngọc nv. Khách Sạn', 2, 0, 10, 0, 0, 481000),
(932, 2, 5, 1, '2013-09-05 22:00:27', '2013-09-06 00:00:00', '', 1, 0, 0, 0, 0, 367000),
(933, 3, 5, 1, '2013-09-05 23:04:25', '2013-09-06 00:33:00', 'NV tính nhầm Heniken là SG Special', 1, 0, 0, 0, 0, 413000),
(934, 16, 9, 1, '2013-09-05 23:36:40', '2013-09-06 02:00:00', 'Bể 1 Cái Ly Và 2 Chai Bia', 1, 0, 0, 35000, 0, 520000),
(935, 15, 9, 1, '2013-09-06 00:18:24', '2013-09-06 02:25:00', '', 1, 0, 0, 0, 0, 496000),
(936, 2, 9, 1, '2013-09-06 01:44:00', '2013-09-06 02:51:00', '', 1, 0, 0, 0, 0, 264000),
(937, 3, 5, 1, '2013-09-06 11:24:43', '2013-09-06 13:25:00', '', 1, 0, 15, 0, 0, 518000),
(938, 1, 5, 1, '2013-09-06 12:09:21', '2013-09-06 12:09:21', '', 1, 0, 0, 0, 0, 15000),
(939, 2, 5, 1, '2013-09-06 20:07:44', '2013-09-06 22:05:00', '', 1, 0, 0, 0, 0, 542000),
(940, 3, 5, 1, '2013-09-06 21:58:48', '2013-09-07 02:00:00', '', 1, 0, 0, 0, 0, 726000),
(941, 16, 5, 1, '2013-09-06 22:17:27', '2013-09-06 23:25:00', '', 1, 0, 0, 0, 0, 330000),
(942, 2, 5, 1, '2013-09-07 00:19:58', '2013-09-07 00:46:00', '', 1, 0, 0, 0, 0, 127000),
(943, 2, 5, 1, '2013-09-07 01:00:51', '2013-09-07 01:48:00', '', 1, 0, 0, 0, 0, 201000),
(944, 15, 5, 1, '2013-09-07 19:26:10', '2013-09-07 20:22:00', '', 1, 0, 0, 0, 0, 124000),
(945, 1, 5, 1, '2013-09-07 20:24:43', '2013-09-07 20:24:43', '', 1, 0, 0, 0, 0, 15000),
(946, 2, 5, 1, '2013-09-08 00:28:27', '2013-09-08 01:35:00', '', 1, 0, 0, 0, 0, 150000),
(947, 2, 5, 1, '2013-09-08 14:29:00', '2013-09-08 17:20:00', '', 1, 0, 0, 0, 0, 523000),
(949, 3, 5, 16, '2013-09-08 17:57:15', '2013-09-08 21:10:00', '', 2, 0, 0, 0, 0, 705000),
(950, 26, 5, 1, '2013-09-08 19:39:51', '2013-09-08 22:00:00', '(Cơ Quan Chị Trúc). Tặng 1 Dĩa Chả Giò', 2, 0, 0, 0, 0, 639000),
(951, 27, 5, 22, '2013-09-09 16:10:00', '2013-09-09 18:10:00', 'SN Hiếu Tặng 2 Dĩa Chả Giò Ghế', 2, 0, 10, 0, 0, 675000),
(952, 2, 5, 1, '2013-09-10 23:30:00', '2013-09-11 01:50:00', '', 2, 0, 0, 0, 0, 422000),
(953, 1, 5, 1, '2013-09-10 23:37:34', '2013-09-10 23:37:34', '', 1, 0, 0, 0, 0, 35000),
(954, 3, 5, 1, '2013-09-10 23:52:11', '2013-09-11 01:10:00', '', 1, 0, 0, 0, 0, 419000),
(955, 16, 5, 1, '2013-09-10 23:56:11', '2013-09-11 02:20:00', '', 1, 0, 0, 0, 0, 324000),
(956, 1, 5, 1, '2013-09-10 14:55:00', '2013-09-10 14:55:00', '', 1, 0, 0, 0, 0, 318000),
(957, 2, 5, 1, '2013-09-11 23:16:07', '2013-09-12 02:30:00', 'Bể 1 Chai Bia', 1, 0, 0, 10000, 0, 1105000),
(958, 1, 5, 1, '2013-09-11 23:27:31', '2013-09-11 23:27:31', '', 1, 0, 0, 0, 0, 25000),
(959, 3, 5, 1, '2013-09-12 20:23:58', '2013-09-12 21:55:00', '', 1, 0, 0, 0, 0, 351000),
(960, 16, 5, 1, '2013-09-12 21:24:07', '2013-09-13 00:21:00', '', 1, 0, 0, 0, 0, 375000),
(961, 2, 5, 13, '2013-09-12 22:19:12', '2013-09-13 01:20:00', '', 2, 0, 10, 0, 0, 577000),
(962, 3, 5, 1, '2013-09-12 23:02:49', '2013-09-12 23:41:00', '', 1, 0, 0, 0, 0, 107000),
(963, 14, 5, 1, '2013-09-12 23:09:16', '2013-09-13 02:30:00', '', 1, 0, 0, 0, 0, 574000),
(964, 1, 5, 1, '2013-09-13 02:01:19', '2013-09-13 02:01:19', '', 1, 0, 0, 0, 0, 50000),
(965, 2, 5, 1, '2013-09-13 19:00:00', '2013-09-13 21:35:00', '', 1, 0, 0, 0, 0, 532000),
(966, 1, 5, 1, '2013-09-13 19:15:50', '2013-09-13 19:15:50', '', 1, 0, 0, 0, 0, 52000),
(967, 16, 5, 1, '2013-09-13 14:15:00', '2013-09-13 15:05:00', '', 1, 0, 0, 0, 0, 204000),
(968, 2, 5, 1, '2013-09-13 21:40:00', '2013-09-13 23:02:00', '', 1, 0, 0, 0, 0, 282000),
(969, 3, 5, 1, '2013-09-13 23:26:41', '2013-09-14 01:20:00', '', 1, 0, 0, 0, 0, 346000),
(970, 1, 5, 1, '2013-09-14 00:38:26', '2013-09-14 00:38:26', '', 1, 0, 0, 0, 0, 15000),
(971, 2, 5, 1, '2013-09-14 18:53:35', '2013-09-14 20:00:00', '', 1, 0, 15, 0, 0, 278000),
(972, 3, 5, 1, '2013-09-14 21:25:17', '2013-09-14 23:41:00', '', 1, 0, 0, 0, 0, 459000),
(973, 26, 5, 1, '2013-09-14 23:53:43', '2013-09-15 01:45:00', 'Phụ Thu Tiền Mua Hủ Tiếu', 1, 0, 0, 150000, 0, 878000),
(974, 16, 5, 1, '2013-09-15 00:31:34', '2013-09-15 01:40:00', 'Bể 1 VChai Bia', 1, 0, 0, 10000, 0, 188000),
(975, 2, 5, 1, '2013-09-15 00:49:03', '2013-09-15 01:50:00', '', 1, 0, 0, 0, 0, 311000),
(976, 1, 5, 1, '2013-09-15 01:07:18', '2013-09-15 01:07:18', '', 1, 0, 0, 0, 0, 25000),
(977, 1, 5, 1, '2013-09-15 01:49:35', '2013-09-15 01:49:35', '', 1, 0, 0, 0, 0, 15000),
(978, 3, 5, 16, '2013-09-15 13:05:00', '2013-09-15 15:02:00', 'Anh Khoa Nhậu Với Anh Hoài CA', 2, 0, 0, 0, 0, 592000),
(979, 2, 5, 1, '2013-09-15 13:38:35', '2013-09-15 16:00:00', '', 1, 0, 0, 0, 0, 259000),
(980, 16, 5, 1, '2013-09-15 13:47:06', '2013-09-15 14:46:00', '', 1, 0, 0, 0, 0, 171000),
(981, 26, 5, 1, '2013-09-15 14:58:13', '2013-09-15 15:37:00', 'Anh Khoa Tặng 1 Dĩa Chả Cá Chiên', 1, 0, 0, 0, 0, 356000),
(982, 2, 5, 1, '2013-09-15 21:15:00', '2013-09-15 21:50:00', '', 1, 0, 10, 0, 0, 313000),
(983, 1, 5, 1, '2013-09-15 21:46:02', '2013-09-15 21:46:02', '', 1, 0, 0, 0, 0, 244000),
(984, 3, 5, 16, '2013-09-16 21:18:31', '2013-09-16 22:20:00', '', 2, 0, 0, 0, 0, 312000),
(985, 2, 5, 1, '2013-09-16 23:20:00', '2013-09-17 00:50:00', '', 1, 0, 0, 0, 0, 430000),
(986, 16, 5, 1, '2013-09-17 16:31:57', '2013-09-17 17:40:00', '', 1, 0, 0, 0, 0, 285000),
(987, 16, 5, 1, '2013-09-17 17:38:02', '2013-09-17 18:20:00', '', 1, 0, 0, 0, 0, 106000),
(988, 1, 5, 1, '2013-09-17 17:59:49', '2013-09-17 17:59:49', '', 1, 0, 0, 0, 0, 24000),
(989, 2, 5, 26, '2013-09-17 20:25:50', '2013-09-17 21:15:00', '', 2, 0, 0, 0, 0, 368000),
(990, 3, 5, 1, '2013-09-17 20:48:44', '2013-09-17 22:35:00', 'Anh Khoa Tặng 1 Dĩa Chả Cá Chiên Giòn', 1, 0, 0, 0, 0, 489000),
(991, 14, 5, 1, '2013-09-17 21:07:10', '2013-09-17 22:30:00', '', 1, 0, 0, 0, 0, 141000),
(992, 2, 5, 1, '2013-09-18 19:56:34', '2013-09-18 21:45:00', '', 1, 0, 0, 0, 0, 454000),
(993, 3, 5, 1, '2013-09-18 20:10:03', '2013-09-18 22:10:00', '', 1, 0, 0, 0, 0, 262000),
(994, 14, 5, 1, '2013-09-18 20:19:44', '2013-09-18 22:05:00', '', 1, 0, 0, 0, 0, 233000),
(995, 16, 5, 1, '2013-09-18 21:24:22', '2013-09-18 22:25:00', '', 1, 0, 0, 0, 0, 201000),
(996, 17, 5, 1, '2013-09-18 21:30:00', '2013-09-18 22:25:00', '', 1, 0, 0, 0, 0, 314000),
(997, 1, 5, 16, '2013-09-17 05:00:00', '2013-09-17 05:00:00', 'Anh Khoa lấy 1 Gói mèo', 2, 0, 0, 0, 0, 25000),
(998, 1, 5, 1, '2013-09-18 22:34:45', '2013-09-18 22:34:45', '', 1, 0, 0, 0, 0, 35000),
(999, 26, 5, 1, '2013-09-18 22:55:45', '2013-09-19 00:40:00', '', 1, 0, 0, 0, 0, 660000),
(1000, 1, 5, 1, '2013-09-18 23:15:23', '2013-09-18 23:15:23', '', 1, 0, 0, 0, 0, 50000),
(1001, 3, 5, 16, '2013-09-18 23:56:26', '2013-09-19 03:40:00', 'Nhậu với Anh Khoa Trung Thu', 2, 0, 0, 0, 0, 743000),
(1002, 16, 5, 15, '2013-09-19 00:15:05', '2013-09-19 03:40:00', 'Anh Thái bạn A Khoa nhậu', 2, 0, 15, 0, 0, 542000),
(1003, 1, 5, 1, '2013-09-19 00:41:54', '2013-09-19 00:41:54', '', 1, 0, 0, 0, 0, 38000),
(1004, 1, 5, 1, '2013-09-19 00:55:17', '2013-09-19 00:55:17', '', 1, 0, 0, 0, 0, 50000),
(1005, 2, 5, 1, '2013-09-19 07:43:56', '2013-09-19 10:10:00', '', 1, 0, 0, 0, 0, 256000),
(1006, 3, 5, 1, '2013-09-19 14:42:31', '2013-09-19 15:40:00', '', 1, 0, 0, 0, 0, 177000),
(1009, 2, 5, 1, '2013-09-19 22:23:02', '2013-09-20 00:00:00', '', 1, 0, 0, 0, 0, 377000),
(1010, 16, 5, 1, '2013-09-20 15:15:00', '2013-09-20 17:50:00', '', 1, 0, 0, 0, 0, 564000),
(1011, 27, 5, 1, '2013-09-20 15:30:00', '2013-09-20 16:30:00', '', 1, 0, 0, 0, 0, 242000),
(1012, 1, 5, 1, '2013-09-20 17:00:00', '2013-09-20 17:00:00', '', 1, 0, 0, 0, 0, 15000),
(1014, 1, 5, 1, '2013-09-22 17:44:36', '2013-09-22 17:44:36', '', 1, 0, 0, 0, 0, 60000),
(1015, 3, 5, 22, '2013-09-22 14:45:00', '2013-09-22 17:40:00', '', 1, 0, 10, 0, 0, 492000),
(1016, 2, 5, 1, '2013-09-22 23:37:13', '2013-09-23 01:00:00', '', 1, 0, 0, 0, 0, 388000),
(1017, 2, 5, 1, '2013-09-24 14:30:18', '2013-09-24 15:10:00', 'Bể 1 Chai Bia', 1, 0, 0, 10000, 0, 196000),
(1018, 1, 5, 1, '2013-09-24 22:49:27', '2013-09-24 22:49:27', '', 1, 0, 0, 0, 0, 104000),
(1019, 27, 5, 16, '2013-09-25 19:25:00', '2013-09-26 00:10:00', 'Nhậu với A Đoàn ', 2, 0, 0, 0, 0, 1263000),
(1020, 1, 5, 1, '2013-09-26 22:29:44', '2013-09-27 00:10:00', '', 1, 0, 0, 0, 0, 377000),
(1021, 2, 5, 1, '2013-09-26 23:30:00', '2013-09-27 01:50:00', '', 1, 0, 0, 0, 0, 777000),
(1022, 3, 5, 1, '2013-09-26 23:44:45', '2013-09-27 00:50:00', '', 1, 0, 0, 0, 0, 202000),
(1023, 14, 5, 1, '2013-09-27 00:35:22', '2013-09-27 02:00:00', '', 1, 0, 0, 0, 0, 523000),
(1024, 3, 5, 1, '2013-09-27 18:55:56', '2013-09-27 20:35:00', '', 1, 0, 0, 0, 0, 341000),
(1025, 2, 5, 24, '2013-09-27 19:22:14', '2013-09-27 21:10:00', '', 2, 0, 10, 0, 0, 246000),
(1026, 2, 5, 1, '2013-09-27 23:07:52', '2013-09-28 00:45:00', '', 1, 0, 0, 0, 0, 444000),
(1027, 27, 5, 1, '2013-09-27 23:43:37', '2013-09-28 01:15:00', '', 1, 0, 10, 0, 0, 905000),
(1028, 2, 5, 1, '2013-09-28 23:30:25', '2013-09-29 01:10:00', '', 1, 0, 0, 0, 0, 364000),
(1029, 3, 5, 1, '2013-09-29 00:02:40', '2013-09-29 01:55:00', '', 1, 0, 0, 0, 0, 750000),
(1030, 4, 5, 1, '2013-09-29 00:13:03', '2013-09-29 01:50:00', '', 1, 0, 0, 0, 0, 481000),
(1031, 27, 5, 1, '2013-09-29 13:25:00', '2013-09-29 13:25:00', 'Bác Ba Khuyến Mãi Tiền Karaoke', 1, 0, 0, 0, 0, 1041000),
(1032, 27, 5, 1, '2013-09-29 14:45:00', '2013-09-29 15:25:00', '', 1, 0, 0, 0, 0, 103000),
(1033, 27, 5, 1, '2013-09-29 15:30:00', '2013-09-29 16:05:00', '', 1, 0, 0, 0, 0, 47000),
(1034, 2, 5, 1, '2013-09-29 22:10:00', '2013-09-29 23:25:00', '', 1, 0, 0, 0, 0, 280000),
(1035, 1, 5, 15, '2013-09-29 22:31:24', '2013-09-30 01:00:00', '', 2, 0, 0, 0, 0, 539000),
(1036, 2, 5, 1, '2013-10-01 23:00:00', '2013-10-02 00:45:00', '', 1, 0, 0, 0, 0, 421000),
(1037, 1, 5, 1, '2013-10-01 23:05:46', '2013-10-01 23:05:46', '', 1, 0, 0, 0, 0, 360000),
(1038, 1, 5, 1, '2013-10-02 00:20:59', '2013-10-02 00:20:59', '', 1, 0, 0, 0, 0, 37000),
(1039, 1, 5, 1, '2013-09-29 01:00:00', '2013-09-29 01:00:00', '', 1, 0, 0, 0, 0, 25000),
(1040, 1, 5, 1, '2013-10-02 18:11:48', '2013-10-02 20:40:00', '', 1, 0, 0, 0, 0, 726000),
(1041, 2, 5, 22, '2013-10-02 18:35:46', '2013-10-02 18:35:46', '', 2, 0, 0, 0, 0, 70000),
(1042, 2, 5, 1, '2013-10-02 21:18:25', '2013-10-02 23:15:00', '', 1, 0, 0, 0, 0, 453000),
(1043, 3, 5, 1, '2013-10-03 00:22:57', '2013-10-03 01:45:00', '', 1, 0, 0, 0, 0, 372000),
(1044, 4, 5, 1, '2013-10-03 00:26:07', '2013-10-03 01:35:00', '', 1, 0, 0, 0, 0, 290000),
(1045, 14, 5, 1, '2013-10-03 00:29:14', '2013-10-03 02:05:00', '', 1, 0, 0, 0, 0, 240000),
(1046, 2, 5, 1, '2013-10-03 20:03:18', '2013-10-03 21:45:00', '', 1, 0, 0, 0, 0, 384000),
(1047, 16, 5, 1, '2013-10-03 22:39:08', '2013-10-04 01:00:00', '', 1, 0, 0, 0, 0, 583000),
(1048, 26, 5, 1, '2013-10-03 23:48:47', '2013-10-04 00:30:00', '', 1, 0, 0, 0, 0, 193000),
(1049, 1, 5, 1, '2013-10-04 00:40:26', '2013-10-04 00:40:26', '', 1, 0, 0, 0, 0, 58000),
(1050, 27, 5, 1, '2013-10-04 17:42:02', '2013-10-04 19:00:00', '', 1, 0, 0, 0, 0, 419000),
(1051, 17, 5, 1, '2013-10-04 23:44:48', '2013-10-05 01:00:00', '', 1, 0, 0, 0, 0, 282000),
(1052, 1, 5, 16, '2013-10-05 00:07:40', '2013-10-05 00:07:40', 'Anh Khoa lấy 1 Gói mèo', 2, 0, 0, 0, 0, 25000),
(1053, 27, 5, 1, '2013-10-06 18:35:00', '2013-10-06 19:30:00', '', 1, 0, 0, 0, 0, 337000),
(1054, 2, 5, 1, '2013-10-06 23:03:31', '2013-10-06 23:55:00', '', 1, 0, 0, 0, 0, 386000),
(1055, 1, 5, 22, '2013-10-06 23:20:21', '2013-10-06 23:20:21', '', 2, 0, 0, 0, 0, 130000),
(1056, 1, 5, 1, '2013-10-05 20:00:00', '2013-10-05 20:00:00', '', 1, 0, 0, 0, 0, 260000),
(1057, 1, 5, 22, '2013-10-06 23:00:00', '2013-10-06 23:00:00', '', 2, 0, 0, 0, 0, 180000),
(1058, 3, 5, 1, '2013-10-07 16:04:35', '2013-10-07 16:45:00', '', 1, 0, 0, 0, 0, 125000),
(1059, 27, 5, 1, '2013-10-07 16:48:58', '2013-10-07 17:45:00', '', 1, 0, 0, 0, 0, 342000),
(1060, 1, 5, 22, '2013-10-07 18:04:46', '2013-10-07 18:04:46', 'Bể 1 Chai Bia', 2, 0, 0, 10000, 0, 25000),
(1061, 2, 5, 16, '2013-10-07 19:19:44', '2013-10-07 20:50:00', 'Anh Khoa Nhậu với Anh Hoài CA', 2, 0, 0, 0, 0, 540000),
(1062, 4, 5, 1, '2013-10-07 22:30:00', '2013-10-08 00:00:00', '', 1, 0, 0, 0, 0, 377000),
(1063, 15, 5, 1, '2013-10-07 23:00:00', '2013-10-08 01:50:00', '', 1, 0, 0, 0, 0, 609000),
(1064, 17, 5, 1, '2013-10-08 00:16:27', '2013-10-08 00:40:00', '', 1, 0, 0, 0, 0, 35000),
(1065, 2, 5, 1, '2013-10-08 00:00:00', '2013-10-08 01:40:00', '', 1, 0, 0, 0, 0, 822000),
(1066, 2, 5, 1, '2013-10-11 00:00:08', '2013-10-11 00:30:00', '', 1, 0, 0, 0, 0, 132000),
(1067, 4, 5, 22, '2013-10-11 00:15:41', '2013-10-11 05:30:00', 'Sang+Hiếu+Minh+Ngọc+Trang Nhậu Chia ra', 2, 0, 10, 0, 0, 917000),
(1068, 3, 5, 1, '2013-10-11 00:25:00', '2013-10-11 02:00:00', '', 1, 0, 0, 0, 0, 886000),
(1069, 17, 5, 1, '2013-10-11 12:04:20', '2013-10-11 15:10:00', '', 1, 0, 0, 0, 0, 852000),
(1070, 2, 5, 1, '2013-10-11 16:00:00', '2013-10-11 17:25:00', 'Anh Khoa Tặng 1 Dĩa Chả Cá Chiên Giòn + Khô Mực', 1, 0, 0, 0, 0, 419000),
(1071, 2, 5, 16, '2013-10-11 17:31:51', '2013-10-11 17:31:51', 'Anh Khoa Nhậu với Chị Bạn', 2, 0, 0, 0, 0, 74000),
(1072, 3, 5, 1, '2013-10-11 22:00:00', '2013-10-11 23:30:00', '', 1, 0, 0, 0, 0, 257000),
(1073, 2, 5, 1, '2013-10-11 23:30:00', '2013-10-12 01:45:00', '', 1, 0, 0, 0, 0, 612000),
(1074, 17, 5, 1, '2013-10-12 16:38:34', '2013-10-12 18:10:00', '', 1, 0, 0, 0, 0, 227000),
(1075, 27, 5, 1, '2013-10-12 16:47:19', '2013-10-12 16:47:19', 'Bác Ba Khuyến Mãi Tiền Karaoke', 1, 0, 0, 0, 0, 363000),
(1076, 3, 5, 1, '2013-10-13 17:20:00', '2013-10-13 19:20:00', '', 1, 0, 0, 0, 0, 585000),
(1078, 1, 5, 1, '2013-10-13 19:22:39', '2013-10-13 19:22:39', '', 1, 0, 0, 0, 0, 10000),
(1079, 2, 5, 1, '2013-10-15 00:35:00', '2013-10-15 04:30:00', '', 1, 0, 0, 0, 0, 1451000),
(1080, 2, 5, 1, '2013-10-16 18:45:00', '2013-10-16 20:35:00', '', 1, 0, 0, 0, 0, 711000),
(1082, 3, 5, 16, '2013-10-16 21:59:59', '2013-10-16 23:40:00', 'Anh Khoa Nhậu với Anh Đoàn, Anh Lộc', 2, 0, 0, 0, 0, 601000);

-- --------------------------------------------------------

--
-- Structure de la table `k3d_session_detail`
--

CREATE TABLE IF NOT EXISTS `k3d_session_detail` (
  `id` int(11) NOT NULL AUTO_INCREMENT,
  `idsession` int(11) NOT NULL,
  `idcourse` int(11) NOT NULL,
  `count` int(11) NOT NULL,
  `price` bigint(20) NOT NULL,
  PRIMARY KEY (`id`),
  KEY `idsession` (`idsession`),
  KEY `idcourse` (`idcourse`)
) ENGINE=InnoDB  DEFAULT CHARSET=utf8 COLLATE=utf8_unicode_ci AUTO_INCREMENT=4889 ;

--
-- Contenu de la table `k3d_session_detail`
--

INSERT INTO `k3d_session_detail` (`id`, `idsession`, `idcourse`, `count`, `price`) VALUES
(303, 158, 111, 11, 12000),
(304, 158, 110, 1, 50000),
(306, 158, 122, 2, 6000),
(326, 162, 111, 7, 12000),
(327, 162, 110, 1, 50000),
(329, 162, 122, 1, 6000),
(330, 162, 120, 1, 30000),
(331, 163, 111, 29, 12000),
(332, 163, 110, 1, 50000),
(334, 164, 138, 16, 15000),
(335, 164, 110, 1, 50000),
(338, 163, 127, 2, 12000),
(340, 164, 134, 4, 50000),
(341, 164, 53, 3, 12000),
(342, 164, 120, 1, 30000),
(343, 164, 119, 1, 30000),
(344, 164, 142, 1, 12000),
(345, 164, 118, 1, 15000),
(346, 164, 115, 1, 30000),
(347, 164, 122, 1, 6000),
(348, 164, 121, 1, 30000),
(349, 164, 139, 2, 10000),
(350, 163, 117, 1, 10000),
(351, 163, 122, 1, 6000),
(352, 163, 118, 1, 15000),
(353, 163, 121, 1, 30000),
(354, 163, 116, 1, 25000),
(355, 165, 111, 17, 12000),
(356, 165, 110, 1, 50000),
(358, 166, 111, 16, 12000),
(359, 166, 110, 1, 50000),
(361, 165, 139, 1, 10000),
(362, 165, 122, 2, 6000),
(364, 165, 116, 1, 25000),
(365, 166, 119, 1, 30000),
(366, 166, 139, 1, 10000),
(367, 166, 117, 1, 10000),
(368, 166, 122, 1, 6000),
(369, 168, 138, 18, 15000),
(370, 168, 110, 1, 50000),
(372, 169, 137, 13, 14000),
(374, 169, 110, 1, 50000),
(376, 170, 111, 5, 12000),
(377, 170, 110, 1, 50000),
(379, 168, 139, 2, 10000),
(380, 168, 142, 1, 12000),
(381, 171, 111, 8, 12000),
(382, 171, 110, 1, 50000),
(384, 169, 117, 1, 10000),
(385, 169, 139, 1, 10000),
(386, 169, 118, 1, 15000),
(387, 169, 121, 1, 30000),
(388, 169, 122, 2, 6000),
(390, 170, 134, 1, 50000),
(391, 171, 119, 1, 30000),
(392, 171, 121, 1, 30000),
(393, 171, 122, 2, 6000),
(394, 171, 142, 1, 12000),
(395, 172, 111, 5, 12000),
(396, 173, 108, 10, 20000),
(397, 173, 110, 1, 50000),
(399, 173, 122, 2, 6000),
(400, 173, 139, 1, 10000),
(401, 174, 112, 8, 15000),
(403, 174, 110, 1, 50000),
(404, 174, 122, 2, 6000),
(405, 175, 111, 4, 12000),
(406, 175, 110, 1, 50000),
(408, 176, 111, 7, 12000),
(409, 176, 110, 1, 50000),
(411, 175, 119, 1, 30000),
(412, 175, 120, 1, 30000),
(418, 176, 125, 1, 7000),
(419, 176, 142, 1, 12000),
(420, 176, 141, 1, 17000),
(427, 178, 111, 21, 12000),
(428, 178, 110, 1, 50000),
(430, 178, 117, 1, 10000),
(431, 178, 121, 1, 30000),
(432, 178, 122, 1, 6000),
(433, 178, 116, 1, 25000),
(434, 179, 126, 1, 10000),
(435, 180, 112, 13, 15000),
(436, 180, 110, 1, 50000),
(438, 181, 110, 1, 50000),
(440, 181, 111, 20, 12000),
(441, 180, 120, 1, 30000),
(442, 180, 122, 1, 6000),
(444, 180, 142, 1, 12000),
(445, 180, 139, 1, 10000),
(446, 182, 110, 1, 50000),
(448, 182, 112, 12, 15000),
(449, 181, 123, 1, 10000),
(450, 181, 118, 1, 15000),
(451, 182, 141, 1, 17000),
(452, 182, 117, 1, 10000),
(453, 182, 124, 1, 10000),
(454, 182, 122, 2, 6000),
(455, 182, 115, 1, 30000),
(456, 183, 108, 4, 20000),
(469, 183, 134, 1, 50000),
(470, 184, 112, 7, 15000),
(471, 184, 110, 1, 50000),
(473, 186, 112, 9, 15000),
(474, 186, 110, 1, 50000),
(476, 187, 111, 9, 12000),
(477, 184, 119, 1, 30000),
(478, 186, 134, 1, 50000),
(479, 188, 111, 6, 12000),
(480, 188, 110, 1, 50000),
(482, 189, 107, 14, 18000),
(483, 189, 110, 1, 50000),
(485, 193, 112, 12, 15000),
(486, 193, 134, 1, 50000),
(487, 193, 110, 1, 50000),
(489, 193, 126, 1, 10000),
(490, 192, 111, 30, 12000),
(491, 192, 110, 1, 50000),
(493, 194, 112, 11, 15000),
(494, 194, 110, 1, 50000),
(496, 191, 111, 8, 12000),
(497, 191, 110, 2, 50000),
(499, 195, 138, 15, 15000),
(500, 195, 110, 1, 50000),
(502, 190, 111, 20, 12000),
(503, 190, 110, 1, 50000),
(505, 189, 120, 1, 30000),
(506, 189, 125, 1, 7000),
(507, 189, 142, 1, 12000),
(508, 189, 122, 1, 6000),
(509, 192, 117, 2, 10000),
(510, 192, 119, 1, 30000),
(511, 192, 120, 1, 30000),
(512, 192, 121, 1, 30000),
(513, 192, 123, 1, 10000),
(514, 192, 124, 1, 10000),
(515, 192, 142, 1, 12000),
(516, 192, 143, 1, 12000),
(517, 192, 116, 1, 25000),
(518, 195, 117, 3, 10000),
(519, 195, 139, 2, 10000),
(520, 195, 120, 1, 30000),
(521, 195, 125, 3, 7000),
(522, 195, 124, 2, 10000),
(523, 195, 119, 2, 30000),
(524, 195, 121, 2, 30000),
(525, 195, 122, 1, 6000),
(526, 195, 142, 2, 12000),
(527, 195, 118, 2, 15000),
(529, 195, 116, 1, 25000),
(530, 195, 115, 1, 30000),
(531, 196, 111, 20, 12000),
(532, 196, 110, 1, 50000),
(534, 196, 134, 1, 50000),
(535, 197, 108, 48, 20000),
(536, 197, 110, 1, 50000),
(538, 197, 117, 1, 10000),
(539, 197, 139, 1, 10000),
(540, 197, 125, 1, 7000),
(541, 197, 121, 1, 30000),
(542, 197, 141, 1, 17000),
(543, 197, 122, 2, 6000),
(544, 198, 112, 20, 15000),
(545, 198, 110, 1, 50000),
(547, 198, 134, 1, 50000),
(548, 198, 122, 1, 6000),
(549, 199, 108, 8, 20000),
(550, 199, 126, 1, 10000),
(551, 199, 110, 1, 50000),
(553, 199, 121, 1, 30000),
(555, 204, 112, 20, 15000),
(556, 204, 110, 1, 50000),
(558, 201, 111, 8, 12000),
(559, 201, 110, 1, 50000),
(561, 202, 112, 15, 15000),
(562, 202, 110, 1, 50000),
(564, 200, 111, 5, 12000),
(565, 200, 143, 2, 12000),
(566, 200, 110, 1, 50000),
(568, 202, 120, 1, 30000),
(569, 201, 122, 1, 6000),
(570, 206, 108, 4, 20000),
(571, 206, 143, 1, 12000),
(572, 206, 110, 1, 50000),
(574, 205, 111, 11, 12000),
(575, 205, 110, 1, 50000),
(577, 204, 139, 1, 10000),
(578, 204, 117, 2, 10000),
(579, 204, 118, 1, 15000),
(580, 204, 125, 2, 7000),
(581, 204, 141, 1, 17000),
(582, 204, 121, 1, 30000),
(583, 204, 116, 1, 25000),
(584, 204, 120, 1, 30000),
(585, 204, 119, 1, 30000),
(586, 204, 122, 2, 6000),
(587, 206, 121, 2, 30000),
(588, 206, 122, 1, 6000),
(589, 205, 139, 1, 10000),
(590, 207, 107, 48, 18000),
(592, 207, 110, 2, 50000),
(593, 207, 126, 2, 10000),
(594, 207, 54, 1, 10000),
(596, 207, 119, 1, 30000),
(597, 207, 120, 1, 30000),
(598, 207, 117, 2, 10000),
(599, 207, 124, 1, 10000),
(600, 207, 118, 1, 15000),
(601, 207, 121, 1, 30000),
(603, 207, 141, 1, 17000),
(604, 207, 122, 1, 6000),
(605, 207, 115, 1, 30000),
(606, 207, 139, 1, 10000),
(607, 207, 116, 1, 25000),
(608, 209, 112, 14, 15000),
(609, 209, 142, 1, 12000),
(610, 209, 139, 2, 10000),
(611, 208, 111, 69, 12000),
(612, 208, 110, 2, 50000),
(615, 210, 107, 14, 18000),
(616, 210, 110, 1, 50000),
(618, 212, 111, 6, 12000),
(619, 212, 110, 1, 50000),
(621, 213, 111, 11, 12000),
(622, 213, 110, 1, 50000),
(624, 212, 122, 1, 6000),
(625, 213, 120, 1, 30000),
(626, 213, 119, 1, 30000),
(627, 213, 117, 2, 10000),
(628, 213, 123, 1, 10000),
(629, 213, 124, 1, 10000),
(630, 213, 121, 1, 30000),
(631, 213, 141, 1, 17000),
(632, 213, 142, 1, 12000),
(633, 214, 111, 6, 12000),
(634, 214, 110, 1, 50000),
(636, 211, 111, 43, 12000),
(637, 211, 110, 1, 50000),
(639, 211, 125, 1, 7000),
(640, 211, 122, 2, 6000),
(641, 211, 115, 1, 30000),
(642, 211, 116, 1, 25000),
(643, 214, 117, 1, 10000),
(644, 214, 139, 1, 10000),
(645, 214, 122, 1, 6000),
(646, 214, 116, 1, 25000),
(647, 214, 118, 1, 15000),
(648, 215, 111, 7, 12000),
(649, 215, 110, 1, 50000),
(651, 215, 139, 1, 10000),
(652, 216, 111, 3, 12000),
(653, 216, 110, 1, 50000),
(655, 217, 111, 11, 12000),
(656, 217, 110, 1, 50000),
(658, 219, 107, 20, 18000),
(659, 219, 110, 1, 50000),
(661, 220, 111, 4, 12000),
(664, 219, 117, 1, 10000),
(665, 221, 107, 8, 18000),
(666, 221, 110, 1, 50000),
(668, 220, 134, 1, 50000),
(669, 222, 107, 4, 18000),
(670, 222, 110, 1, 50000),
(672, 223, 112, 13, 15000),
(673, 223, 110, 1, 50000),
(675, 222, 122, 1, 6000),
(677, 222, 116, 1, 25000),
(678, 223, 139, 1, 10000),
(679, 223, 116, 1, 25000),
(680, 224, 112, 3, 15000),
(681, 224, 110, 1, 50000),
(683, 225, 110, 1, 50000),
(685, 225, 134, 2, 50000),
(686, 225, 119, 1, 30000),
(687, 225, 117, 1, 10000),
(688, 225, 121, 1, 30000),
(689, 225, 116, 1, 25000),
(690, 225, 115, 1, 30000),
(691, 225, 122, 1, 6000),
(692, 225, 139, 2, 10000),
(693, 225, 108, 48, 20000),
(694, 226, 111, 20, 12000),
(695, 226, 110, 1, 50000),
(697, 227, 143, 2, 12000),
(698, 226, 134, 2, 50000),
(699, 228, 112, 27, 15000),
(700, 228, 110, 2, 50000),
(702, 228, 144, 1, 60000),
(703, 229, 108, 17, 20000),
(704, 229, 110, 1, 50000),
(706, 230, 111, 6, 12000),
(707, 230, 110, 1, 50000),
(709, 229, 122, 1, 6000),
(710, 229, 139, 1, 10000),
(711, 228, 118, 1, 15000),
(712, 228, 117, 1, 10000),
(713, 228, 123, 1, 10000),
(714, 228, 142, 1, 12000),
(715, 228, 141, 1, 17000),
(716, 231, 107, 48, 18000),
(717, 231, 110, 1, 50000),
(719, 231, 120, 1, 30000),
(720, 231, 117, 1, 10000),
(721, 231, 122, 1, 6000),
(722, 231, 139, 2, 10000),
(723, 231, 115, 1, 30000),
(727, 233, 111, 11, 12000),
(728, 233, 110, 1, 50000),
(732, 233, 120, 1, 30000),
(740, 234, 111, 12, 12000),
(741, 234, 144, 1, 60000),
(743, 234, 122, 1, 6000),
(744, 234, 139, 1, 10000),
(745, 234, 124, 1, 10000),
(746, 235, 112, 8, 15000),
(747, 235, 110, 1, 50000),
(749, 237, 107, 16, 18000),
(750, 237, 110, 1, 50000),
(752, 237, 53, 1, 12000),
(753, 237, 143, 1, 12000),
(754, 237, 115, 1, 30000),
(755, 237, 141, 1, 17000),
(756, 238, 126, 3, 10000),
(757, 238, 134, 1, 50000),
(758, 238, 120, 1, 30000),
(759, 238, 125, 1, 7000),
(760, 239, 111, 9, 12000),
(761, 239, 110, 1, 50000),
(763, 239, 121, 1, 30000),
(764, 240, 107, 5, 18000),
(765, 240, 126, 1, 10000),
(766, 240, 139, 2, 10000),
(767, 241, 107, 35, 18000),
(768, 241, 110, 2, 50000),
(770, 241, 139, 1, 10000),
(771, 241, 122, 1, 6000),
(772, 241, 141, 1, 17000),
(773, 242, 107, 17, 18000),
(774, 242, 110, 1, 50000),
(776, 242, 119, 1, 30000),
(777, 242, 120, 1, 30000),
(778, 243, 111, 27, 12000),
(779, 243, 110, 1, 50000),
(781, 243, 120, 1, 30000),
(782, 243, 119, 1, 30000),
(783, 243, 117, 1, 10000),
(784, 243, 118, 1, 15000),
(785, 243, 121, 1, 30000),
(786, 243, 141, 1, 17000),
(787, 243, 123, 1, 10000),
(788, 243, 124, 1, 10000),
(789, 235, 142, 1, 12000),
(790, 235, 141, 1, 17000),
(791, 235, 121, 1, 30000),
(792, 244, 111, 8, 12000),
(794, 244, 110, 1, 50000),
(795, 244, 143, 1, 12000),
(796, 246, 107, 24, 18000),
(797, 246, 110, 1, 50000),
(799, 244, 139, 1, 10000),
(800, 244, 125, 2, 7000),
(801, 246, 121, 1, 30000),
(802, 246, 139, 1, 10000),
(803, 247, 111, 20, 12000),
(804, 247, 110, 1, 50000),
(806, 248, 111, 20, 12000),
(807, 248, 110, 1, 50000),
(809, 248, 122, 1, 6000),
(810, 248, 139, 2, 10000),
(811, 249, 111, 14, 12000),
(812, 249, 110, 1, 50000),
(814, 250, 110, 1, 50000),
(816, 249, 144, 1, 60000),
(817, 250, 143, 4, 12000),
(818, 250, 111, 26, 12000),
(819, 249, 139, 1, 10000),
(820, 249, 125, 1, 7000),
(821, 249, 119, 1, 30000),
(822, 249, 143, 1, 12000),
(823, 249, 145, 1, 60000),
(824, 250, 120, 1, 30000),
(825, 250, 139, 1, 10000),
(826, 250, 125, 1, 7000),
(827, 250, 116, 1, 25000),
(828, 251, 107, 6, 18000),
(829, 251, 110, 1, 50000),
(830, 252, 110, 1, 50000),
(832, 253, 112, 32, 15000),
(833, 253, 110, 2, 50000),
(835, 252, 107, 39, 18000),
(836, 252, 126, 3, 10000),
(837, 252, 125, 1, 7000),
(838, 252, 124, 1, 10000),
(839, 252, 139, 1, 10000),
(840, 252, 118, 1, 15000),
(841, 253, 122, 1, 6000),
(842, 253, 123, 1, 10000),
(843, 253, 124, 1, 10000),
(844, 253, 139, 2, 10000),
(845, 254, 112, 9, 15000),
(846, 254, 110, 1, 50000),
(848, 254, 120, 1, 30000),
(849, 255, 111, 26, 12000),
(850, 255, 110, 1, 50000),
(852, 255, 118, 1, 15000),
(853, 255, 139, 2, 10000),
(854, 255, 125, 1, 7000),
(855, 255, 122, 1, 6000),
(856, 256, 107, 16, 18000),
(857, 256, 110, 1, 50000),
(859, 256, 116, 1, 25000),
(860, 256, 142, 1, 12000),
(861, 258, 107, 44, 18000),
(862, 258, 110, 2, 50000),
(864, 259, 108, 12, 20000),
(865, 259, 110, 1, 50000),
(867, 258, 144, 2, 60000),
(868, 258, 139, 1, 10000),
(869, 258, 142, 1, 12000),
(870, 258, 145, 1, 60000),
(871, 259, 124, 1, 10000),
(872, 259, 139, 1, 10000),
(873, 259, 115, 1, 30000),
(874, 260, 111, 11, 12000),
(875, 260, 110, 1, 50000),
(877, 261, 107, 22, 18000),
(878, 261, 110, 1, 50000),
(880, 260, 120, 1, 30000),
(881, 260, 139, 1, 10000),
(882, 260, 117, 1, 10000),
(883, 260, 118, 1, 15000),
(884, 260, 116, 1, 25000),
(885, 261, 122, 2, 6000),
(886, 261, 139, 2, 10000),
(887, 261, 117, 1, 10000),
(888, 261, 126, 1, 10000),
(889, 263, 111, 18, 12000),
(890, 263, 110, 1, 50000),
(892, 262, 111, 10, 12000),
(893, 262, 110, 1, 50000),
(895, 262, 120, 1, 30000),
(896, 262, 119, 1, 30000),
(897, 262, 117, 2, 10000),
(898, 262, 125, 1, 7000),
(899, 262, 142, 1, 12000),
(900, 263, 139, 5, 10000),
(901, 264, 111, 38, 12000),
(902, 264, 110, 1, 50000),
(904, 265, 111, 10, 12000),
(905, 265, 110, 1, 50000),
(907, 264, 144, 1, 60000),
(908, 264, 120, 1, 30000),
(909, 264, 119, 1, 30000),
(910, 264, 117, 1, 10000),
(911, 264, 121, 1, 30000),
(912, 264, 139, 1, 10000),
(913, 264, 122, 1, 6000),
(914, 264, 143, 1, 12000),
(915, 266, 107, 23, 18000),
(916, 266, 110, 1, 50000),
(918, 267, 111, 30, 12000),
(919, 267, 110, 1, 50000),
(921, 266, 126, 2, 10000),
(922, 266, 54, 2, 10000),
(923, 266, 142, 1, 12000),
(924, 266, 139, 3, 10000),
(925, 266, 116, 1, 25000),
(926, 267, 120, 1, 30000),
(927, 267, 117, 1, 10000),
(929, 267, 118, 1, 15000),
(930, 267, 122, 1, 6000),
(931, 267, 115, 1, 30000),
(932, 267, 139, 1, 10000),
(933, 269, 107, 4, 18000),
(934, 269, 110, 1, 50000),
(936, 268, 107, 50, 18000),
(937, 268, 110, 1, 50000),
(939, 268, 126, 2, 10000),
(940, 268, 144, 2, 60000),
(941, 268, 122, 1, 6000),
(942, 268, 139, 1, 10000),
(943, 268, 125, 2, 7000),
(944, 268, 117, 2, 10000),
(945, 268, 116, 1, 25000),
(946, 268, 115, 1, 30000),
(947, 270, 107, 18, 18000),
(948, 270, 110, 1, 50000),
(956, 270, 116, 1, 25000),
(957, 270, 118, 1, 15000),
(958, 270, 142, 1, 12000),
(959, 270, 139, 2, 10000),
(960, 270, 125, 2, 7000),
(964, 274, 110, 1, 50000),
(965, 274, 111, 5, 12000),
(966, 274, 126, 1, 10000),
(967, 274, 139, 1, 10000),
(968, 274, 119, 1, 30000),
(969, 274, 122, 1, 6000),
(970, 273, 107, 2, 18000),
(971, 273, 119, 1, 30000),
(972, 273, 121, 1, 30000),
(973, 273, 125, 1, 7000),
(974, 275, 137, 2, 14000),
(976, 275, 110, 1, 50000),
(977, 276, 111, 20, 12000),
(979, 276, 110, 1, 50000),
(980, 277, 111, 10, 12000),
(981, 277, 121, 1, 30000),
(982, 277, 142, 1, 12000),
(983, 277, 141, 1, 17000),
(984, 277, 116, 1, 25000),
(985, 276, 116, 1, 25000),
(986, 278, 110, 2, 50000),
(987, 278, 111, 56, 12000),
(988, 279, 110, 2, 50000),
(992, 280, 111, 4, 12000),
(993, 280, 110, 1, 50000),
(995, 280, 139, 3, 10000),
(996, 280, 54, 1, 10000),
(997, 281, 111, 14, 12000),
(998, 281, 110, 1, 50000),
(1000, 282, 111, 12, 12000),
(1001, 282, 110, 1, 50000),
(1003, 281, 119, 1, 30000),
(1004, 281, 141, 1, 17000),
(1005, 281, 121, 1, 30000),
(1006, 281, 139, 1, 10000),
(1007, 281, 116, 1, 25000),
(1008, 283, 112, 12, 15000),
(1010, 283, 126, 1, 10000),
(1012, 283, 144, 1, 60000),
(1013, 284, 114, 12, 16000),
(1014, 284, 110, 1, 50000),
(1017, 284, 124, 1, 10000),
(1018, 284, 142, 1, 12000),
(1019, 284, 141, 1, 17000),
(1020, 284, 117, 1, 10000),
(1021, 285, 107, 29, 18000),
(1022, 285, 110, 1, 50000),
(1024, 285, 54, 3, 10000),
(1025, 285, 120, 2, 30000),
(1026, 285, 144, 1, 60000),
(1027, 285, 117, 1, 10000),
(1028, 285, 142, 1, 12000),
(1029, 285, 141, 1, 17000),
(1030, 285, 125, 1, 7000),
(1031, 285, 123, 1, 10000),
(1032, 286, 111, 10, 12000),
(1033, 286, 110, 1, 50000),
(1035, 286, 126, 1, 10000),
(1036, 286, 139, 1, 10000),
(1037, 286, 116, 1, 25000),
(1038, 287, 138, 8, 15000),
(1039, 287, 107, 24, 18000),
(1040, 287, 110, 1, 50000),
(1043, 287, 119, 1, 30000),
(1044, 287, 121, 1, 30000),
(1045, 287, 124, 1, 10000),
(1046, 287, 122, 2, 6000),
(1047, 288, 112, 13, 15000),
(1048, 288, 110, 1, 50000),
(1050, 288, 126, 1, 10000),
(1051, 288, 120, 1, 30000),
(1052, 288, 119, 1, 30000),
(1053, 288, 117, 2, 10000),
(1054, 288, 122, 3, 6000),
(1055, 288, 121, 1, 30000),
(1056, 288, 125, 1, 7000),
(1057, 288, 142, 1, 12000),
(1058, 288, 139, 2, 10000),
(1059, 289, 108, 7, 20000),
(1060, 289, 54, 2, 10000),
(1063, 289, 120, 1, 30000),
(1064, 289, 123, 1, 10000),
(1065, 289, 124, 1, 10000),
(1066, 289, 142, 1, 12000),
(1067, 289, 116, 1, 25000),
(1068, 290, 111, 3, 12000),
(1069, 290, 110, 1, 50000),
(1070, 295, 111, 31, 12000),
(1071, 295, 110, 1, 50000),
(1073, 295, 119, 1, 30000),
(1074, 295, 125, 1, 7000),
(1075, 295, 139, 1, 10000),
(1076, 295, 142, 1, 12000),
(1077, 295, 122, 2, 6000),
(1078, 295, 116, 1, 25000),
(1079, 296, 107, 31, 18000),
(1080, 296, 110, 1, 50000),
(1082, 296, 117, 1, 10000),
(1083, 296, 125, 1, 7000),
(1084, 296, 139, 1, 10000),
(1085, 297, 110, 1, 50000),
(1087, 297, 111, 20, 12000),
(1088, 297, 139, 2, 10000),
(1089, 298, 108, 18, 20000),
(1090, 298, 110, 2, 50000),
(1092, 298, 119, 1, 30000),
(1093, 298, 122, 6, 6000),
(1094, 298, 116, 1, 25000),
(1095, 298, 139, 2, 10000),
(1096, 298, 123, 1, 10000),
(1097, 298, 124, 1, 10000),
(1098, 299, 111, 6, 12000),
(1099, 299, 110, 1, 50000),
(1101, 300, 111, 6, 12000),
(1102, 300, 110, 1, 50000),
(1104, 301, 111, 12, 12000),
(1105, 301, 110, 1, 50000),
(1107, 300, 120, 1, 30000),
(1108, 300, 121, 1, 30000),
(1109, 300, 122, 1, 6000),
(1110, 304, 111, 12, 12000),
(1111, 304, 144, 1, 60000),
(1112, 304, 143, 1, 12000),
(1113, 302, 111, 13, 12000),
(1114, 302, 110, 1, 50000),
(1116, 302, 117, 1, 10000),
(1117, 301, 121, 1, 30000),
(1118, 303, 111, 4, 12000),
(1119, 303, 110, 1, 50000),
(1120, 305, 110, 1, 50000),
(1122, 305, 111, 14, 12000),
(1123, 305, 121, 1, 30000),
(1124, 305, 122, 1, 6000),
(1125, 305, 142, 1, 12000),
(1126, 305, 120, 1, 30000),
(1127, 306, 111, 33, 12000),
(1128, 306, 110, 1, 50000),
(1130, 306, 144, 1, 60000),
(1131, 306, 143, 1, 12000),
(1132, 307, 111, 10, 12000),
(1133, 307, 110, 1, 50000),
(1135, 308, 111, 6, 12000),
(1136, 308, 110, 1, 50000),
(1138, 308, 117, 1, 10000),
(1139, 308, 125, 1, 7000),
(1141, 307, 122, 1, 6000),
(1142, 307, 115, 1, 30000),
(1143, 309, 111, 9, 12000),
(1144, 309, 110, 1, 50000),
(1146, 309, 139, 1, 10000),
(1147, 310, 111, 11, 12000),
(1148, 310, 110, 1, 50000),
(1150, 310, 120, 1, 30000),
(1151, 310, 119, 1, 30000),
(1152, 310, 121, 1, 30000),
(1153, 310, 122, 1, 6000),
(1154, 310, 126, 1, 10000),
(1155, 311, 114, 10, 16000),
(1156, 311, 110, 3, 50000),
(1158, 312, 107, 24, 18000),
(1159, 312, 110, 1, 50000),
(1161, 312, 120, 1, 30000),
(1162, 312, 142, 1, 12000),
(1163, 312, 125, 2, 7000),
(1164, 313, 107, 22, 18000),
(1165, 313, 110, 1, 50000),
(1167, 311, 142, 3, 12000),
(1168, 311, 139, 6, 10000),
(1169, 311, 116, 1, 25000),
(1170, 313, 119, 1, 30000),
(1171, 313, 122, 2, 6000),
(1172, 313, 141, 1, 17000),
(1173, 314, 111, 56, 12000),
(1174, 314, 110, 1, 50000),
(1176, 316, 111, 24, 12000),
(1177, 316, 110, 1, 50000),
(1179, 315, 112, 4, 15000),
(1182, 315, 119, 1, 30000),
(1183, 315, 142, 1, 12000),
(1184, 314, 126, 1, 10000),
(1185, 314, 139, 4, 10000),
(1186, 316, 144, 1, 60000),
(1187, 316, 119, 1, 30000),
(1188, 316, 120, 1, 30000),
(1189, 316, 118, 1, 15000),
(1190, 316, 121, 1, 30000),
(1191, 316, 115, 1, 30000),
(1192, 316, 139, 1, 10000),
(1193, 316, 125, 2, 7000),
(1194, 316, 123, 1, 10000),
(1196, 316, 142, 1, 12000),
(1197, 316, 141, 1, 17000),
(1198, 317, 107, 24, 18000),
(1199, 317, 110, 1, 50000),
(1201, 317, 120, 1, 30000),
(1202, 317, 121, 1, 30000),
(1203, 317, 122, 1, 6000),
(1204, 317, 123, 1, 10000),
(1205, 317, 142, 1, 12000),
(1206, 318, 137, 8, 14000),
(1207, 318, 110, 1, 50000),
(1210, 319, 111, 25, 12000),
(1211, 319, 110, 2, 50000),
(1213, 321, 111, 40, 12000),
(1214, 321, 110, 1, 50000),
(1216, 320, 112, 34, 15000),
(1217, 320, 110, 2, 50000),
(1219, 319, 117, 1, 10000),
(1220, 319, 121, 1, 30000),
(1221, 319, 139, 1, 10000),
(1223, 320, 122, 2, 6000),
(1225, 321, 121, 1, 30000),
(1227, 321, 141, 1, 17000),
(1228, 322, 111, 25, 12000),
(1229, 322, 110, 1, 50000),
(1235, 325, 107, 33, 18000),
(1236, 325, 110, 1, 50000),
(1238, 325, 144, 2, 60000),
(1239, 326, 107, 12, 18000),
(1240, 326, 110, 1, 50000),
(1242, 325, 127, 3, 15000),
(1243, 325, 116, 1, 25000),
(1244, 322, 126, 1, 10000),
(1245, 326, 120, 1, 30000),
(1246, 326, 147, 1, 12000),
(1247, 326, 139, 1, 10000),
(1248, 326, 142, 1, 12000),
(1250, 322, 141, 1, 17000),
(1251, 322, 147, 2, 12000),
(1253, 327, 107, 6, 18000),
(1254, 327, 110, 1, 50000),
(1255, 327, 146, 1, 60000),
(1256, 328, 111, 8, 12000),
(1257, 328, 110, 1, 50000),
(1259, 329, 112, 8, 15000),
(1260, 329, 110, 1, 50000),
(1262, 330, 111, 20, 12000),
(1263, 330, 110, 1, 50000),
(1265, 330, 143, 1, 15000),
(1266, 328, 122, 1, 6000),
(1267, 329, 142, 1, 12000),
(1268, 330, 118, 1, 15000),
(1269, 330, 121, 1, 30000),
(1271, 330, 122, 2, 6000),
(1272, 330, 125, 2, 7000),
(1273, 331, 111, 14, 12000),
(1274, 331, 110, 1, 50000),
(1277, 331, 115, 1, 30000),
(1278, 332, 112, 27, 15000),
(1279, 332, 110, 1, 50000),
(1297, 336, 111, 17, 12000),
(1298, 336, 110, 1, 50000),
(1300, 336, 122, 1, 6000),
(1301, 336, 117, 2, 10000),
(1302, 336, 125, 1, 5000),
(1303, 336, 123, 1, 10000),
(1304, 336, 118, 1, 15000),
(1305, 336, 143, 2, 12000),
(1306, 332, 117, 1, 10000),
(1307, 332, 147, 1, 12000),
(1308, 332, 122, 1, 6000),
(1309, 332, 116, 1, 25000),
(1310, 332, 115, 1, 30000),
(1312, 332, 123, 1, 10000),
(1313, 332, 124, 1, 10000),
(1314, 332, 142, 1, 12000),
(1315, 337, 111, 11, 12000),
(1316, 337, 110, 1, 50000),
(1318, 337, 119, 1, 30000),
(1319, 337, 116, 1, 25000),
(1321, 337, 122, 2, 6000),
(1322, 337, 141, 1, 17000),
(1328, 339, 110, 1, 50000),
(1330, 339, 119, 1, 30000),
(1331, 339, 111, 15, 12000),
(1332, 340, 107, 30, 18000),
(1333, 340, 110, 1, 50000),
(1335, 340, 125, 1, 5000),
(1336, 340, 122, 1, 6000),
(1337, 342, 107, 9, 18000),
(1338, 342, 110, 1, 50000),
(1340, 343, 108, 61, 20000),
(1341, 343, 110, 2, 50000),
(1343, 343, 120, 1, 30000),
(1344, 343, 117, 2, 10000),
(1345, 343, 122, 2, 6000),
(1346, 343, 118, 1, 15000),
(1347, 343, 141, 1, 15000),
(1348, 344, 107, 13, 18000),
(1349, 344, 110, 1, 50000),
(1351, 345, 140, 3, 18000),
(1352, 345, 110, 1, 50000),
(1354, 345, 121, 1, 30000),
(1355, 345, 122, 1, 6000),
(1356, 345, 123, 1, 10000),
(1357, 345, 115, 1, 30000),
(1358, 345, 107, 18, 18000),
(1359, 346, 112, 10, 15000),
(1360, 346, 110, 1, 50000),
(1362, 346, 117, 1, 10000),
(1363, 346, 122, 1, 6000),
(1364, 346, 141, 1, 15000),
(1365, 347, 107, 3, 18000),
(1366, 347, 110, 1, 50000),
(1368, 348, 108, 3, 20000),
(1369, 348, 110, 1, 50000),
(1371, 348, 142, 1, 15000),
(1372, 349, 107, 8, 18000),
(1373, 349, 110, 1, 50000),
(1375, 349, 121, 1, 30000),
(1376, 349, 122, 1, 6000),
(1377, 350, 112, 11, 15000),
(1378, 350, 110, 1, 50000),
(1381, 350, 122, 1, 6000),
(1382, 351, 107, 15, 18000),
(1383, 351, 110, 1, 50000),
(1385, 351, 142, 1, 12000),
(1386, 351, 121, 1, 30000),
(1387, 351, 122, 2, 6000),
(1388, 351, 115, 1, 30000),
(1389, 351, 116, 1, 25000),
(1390, 351, 126, 2, 10000),
(1391, 352, 111, 15, 12000),
(1392, 352, 110, 1, 50000),
(1394, 353, 111, 28, 12000),
(1395, 353, 110, 1, 50000),
(1397, 353, 121, 1, 30000),
(1398, 353, 116, 1, 25000),
(1399, 353, 117, 1, 10000),
(1400, 353, 142, 1, 12000),
(1401, 353, 141, 1, 15000),
(1402, 353, 122, 2, 6000),
(1403, 353, 125, 2, 5000),
(1404, 353, 123, 1, 10000),
(1405, 353, 124, 1, 10000),
(1407, 354, 111, 35, 12000),
(1408, 354, 110, 1, 50000),
(1410, 354, 142, 1, 12000),
(1411, 354, 118, 1, 15000),
(1412, 354, 141, 1, 15000),
(1413, 354, 120, 1, 30000),
(1414, 354, 122, 2, 6000),
(1415, 354, 125, 2, 5000),
(1416, 354, 123, 1, 10000),
(1417, 354, 124, 1, 10000),
(1418, 354, 117, 2, 10000),
(1419, 354, 119, 1, 30000),
(1420, 355, 111, 7, 12000),
(1421, 355, 110, 1, 50000),
(1423, 355, 120, 1, 30000),
(1424, 356, 112, 5, 15000),
(1425, 356, 110, 1, 50000),
(1427, 356, 143, 1, 12000),
(1428, 357, 112, 14, 15000),
(1429, 357, 110, 1, 50000),
(1432, 357, 124, 1, 10000),
(1433, 357, 115, 1, 30000),
(1434, 358, 111, 12, 12000),
(1435, 358, 110, 1, 50000),
(1437, 358, 121, 1, 30000),
(1438, 358, 117, 1, 10000),
(1439, 359, 112, 13, 15000),
(1440, 359, 110, 1, 30000),
(1442, 359, 142, 1, 14000),
(1443, 359, 141, 1, 17000),
(1444, 363, 107, 13, 18000),
(1445, 363, 110, 1, 50000),
(1447, 363, 139, 1, 10000),
(1448, 363, 122, 1, 6000),
(1459, 368, 107, 21, 18000),
(1460, 368, 110, 1, 50000),
(1462, 368, 139, 1, 10000),
(1463, 368, 122, 2, 6000),
(1464, 368, 123, 1, 10000),
(1466, 368, 116, 1, 25000),
(1476, 366, 111, 6, 12000),
(1478, 367, 111, 20, 12000),
(1479, 367, 110, 1, 50000),
(1481, 367, 139, 1, 10000),
(1484, 367, 120, 1, 30000),
(1485, 367, 125, 1, 7000),
(1493, 366, 139, 1, 10000),
(1494, 366, 123, 1, 10000),
(1495, 372, 112, 20, 15000),
(1496, 372, 110, 1, 50000),
(1498, 373, 111, 7, 12000),
(1499, 373, 110, 1, 50000),
(1501, 373, 126, 4, 10000),
(1502, 373, 119, 1, 30000),
(1503, 373, 141, 1, 17000),
(1504, 374, 137, 5, 14000),
(1505, 374, 110, 1, 50000),
(1507, 376, 112, 24, 15000),
(1508, 376, 110, 1, 50000),
(1510, 376, 121, 1, 30000),
(1511, 376, 146, 1, 60000),
(1512, 376, 139, 2, 10000),
(1513, 376, 147, 1, 12000),
(1514, 376, 116, 1, 25000),
(1515, 375, 112, 9, 15000),
(1516, 375, 110, 1, 50000),
(1518, 375, 142, 1, 12000),
(1519, 375, 122, 1, 6000),
(1520, 375, 139, 1, 10000),
(1521, 377, 111, 17, 12000),
(1522, 377, 110, 1, 50000),
(1524, 378, 111, 4, 12000),
(1525, 378, 110, 1, 50000),
(1527, 377, 116, 1, 25000),
(1528, 377, 122, 1, 6000),
(1529, 377, 125, 1, 7000),
(1531, 379, 111, 3, 12000),
(1532, 379, 110, 1, 50000),
(1534, 379, 122, 1, 6000),
(1536, 379, 139, 1, 10000),
(1537, 379, 121, 1, 30000),
(1538, 380, 110, 1, 50000),
(1539, 380, 107, 32, 18000),
(1541, 381, 107, 29, 18000),
(1542, 381, 110, 1, 50000),
(1544, 381, 146, 2, 60000),
(1546, 381, 139, 2, 10000),
(1547, 380, 117, 2, 10000),
(1548, 380, 139, 2, 10000),
(1549, 380, 122, 2, 6000),
(1550, 380, 121, 1, 30000),
(1552, 380, 115, 1, 30000),
(1553, 380, 118, 1, 15000),
(1554, 383, 111, 30, 12000),
(1563, 383, 110, 1, 50000),
(1565, 383, 117, 1, 10000),
(1566, 383, 121, 1, 30000),
(1572, 386, 112, 20, 15000),
(1573, 386, 110, 2, 50000),
(1575, 386, 127, 1, 15000),
(1576, 390, 107, 24, 18000),
(1577, 390, 110, 1, 50000),
(1579, 390, 144, 1, 60000),
(1580, 391, 112, 12, 15000),
(1581, 391, 110, 1, 50000),
(1583, 391, 120, 1, 30000),
(1584, 391, 119, 1, 30000),
(1585, 391, 139, 1, 10000),
(1586, 391, 121, 1, 30000),
(1587, 386, 141, 1, 17000),
(1588, 386, 125, 1, 7000),
(1589, 386, 122, 1, 6000),
(1590, 386, 121, 1, 30000),
(1591, 386, 119, 1, 30000),
(1592, 386, 120, 1, 30000),
(1593, 386, 118, 1, 15000),
(1594, 392, 112, 26, 15000),
(1595, 392, 110, 1, 50000),
(1597, 392, 146, 2, 60000),
(1598, 392, 145, 2, 60000),
(1599, 392, 142, 1, 12000),
(1600, 392, 141, 1, 17000),
(1601, 392, 122, 1, 6000),
(1602, 392, 119, 1, 30000),
(1603, 392, 123, 1, 10000),
(1604, 392, 124, 1, 10000),
(1606, 392, 116, 1, 25000),
(1607, 393, 110, 2, 50000),
(1608, 393, 107, 35, 18000),
(1610, 393, 142, 2, 12000),
(1611, 393, 139, 3, 10000),
(1612, 393, 146, 1, 60000),
(1613, 393, 145, 1, 60000),
(1614, 395, 110, 1, 50000),
(1616, 395, 121, 1, 30000),
(1617, 395, 112, 13, 15000),
(1618, 395, 126, 1, 10000),
(1619, 396, 112, 30, 15000),
(1620, 396, 110, 2, 50000),
(1622, 396, 126, 1, 10000),
(1623, 396, 139, 1, 10000),
(1624, 396, 119, 1, 30000),
(1625, 396, 141, 1, 17000),
(1627, 397, 107, 6, 18000),
(1628, 398, 108, 48, 20000),
(1629, 398, 110, 2, 50000),
(1631, 398, 139, 1, 10000),
(1632, 398, 120, 1, 30000),
(1633, 398, 118, 1, 15000),
(1634, 398, 115, 1, 30000),
(1635, 398, 116, 1, 25000),
(1637, 398, 146, 1, 60000),
(1638, 399, 107, 3, 18000),
(1639, 400, 120, 1, 30000),
(1640, 400, 119, 1, 30000),
(1641, 400, 118, 1, 15000),
(1642, 400, 121, 1, 30000),
(1643, 400, 147, 1, 12000),
(1644, 400, 142, 1, 12000),
(1645, 400, 141, 1, 17000),
(1646, 400, 124, 1, 10000),
(1648, 400, 116, 2, 25000),
(1649, 400, 55, 1, 15000),
(1654, 402, 111, 17, 12000),
(1655, 402, 110, 1, 50000),
(1658, 404, 107, 6, 18000),
(1659, 404, 110, 1, 50000),
(1660, 402, 119, 1, 30000),
(1661, 402, 120, 1, 30000),
(1662, 405, 111, 6, 12000),
(1663, 405, 110, 1, 50000),
(1665, 406, 137, 1, 14000),
(1668, 407, 111, 11, 12000),
(1669, 407, 110, 1, 50000),
(1670, 408, 107, 14, 18000),
(1671, 408, 110, 1, 50000),
(1673, 409, 126, 4, 10000),
(1674, 409, 139, 3, 10000),
(1675, 408, 121, 1, 30000),
(1676, 410, 111, 31, 12000),
(1677, 410, 110, 1, 50000),
(1679, 410, 54, 2, 15000),
(1680, 410, 143, 2, 15000),
(1681, 411, 111, 6, 12000),
(1682, 411, 110, 1, 50000),
(1684, 410, 120, 1, 30000),
(1685, 410, 117, 1, 10000),
(1686, 410, 122, 1, 6000),
(1687, 412, 107, 6, 18000),
(1688, 412, 110, 1, 50000),
(1691, 412, 125, 1, 7000),
(1692, 412, 145, 1, 60000),
(1693, 412, 118, 1, 15000),
(1694, 413, 111, 9, 12000),
(1695, 413, 110, 1, 50000),
(1697, 414, 112, 25, 15000),
(1698, 414, 110, 1, 50000),
(1700, 414, 126, 1, 10000),
(1701, 414, 142, 1, 12000),
(1702, 414, 139, 1, 10000),
(1706, 414, 146, 1, 60000),
(1707, 416, 107, 4, 18000),
(1709, 416, 110, 1, 50000),
(1710, 414, 118, 1, 15000),
(1711, 414, 122, 1, 6000),
(1714, 417, 112, 4, 15000),
(1715, 417, 110, 1, 50000),
(1723, 419, 126, 1, 10000),
(1724, 419, 116, 1, 25000),
(1725, 420, 107, 20, 18000),
(1726, 420, 110, 1, 50000),
(1728, 420, 126, 1, 10000),
(1729, 420, 143, 1, 15000),
(1730, 420, 139, 1, 10000),
(1731, 420, 147, 1, 12000),
(1732, 420, 117, 1, 10000),
(1733, 420, 146, 2, 0),
(1734, 421, 110, 1, 50000),
(1736, 421, 111, 11, 12000),
(1737, 422, 107, 11, 18000),
(1738, 422, 110, 1, 50000),
(1740, 422, 116, 1, 25000),
(1741, 423, 137, 21, 14000),
(1742, 423, 110, 1, 50000),
(1744, 423, 119, 1, 30000),
(1745, 423, 121, 1, 30000),
(1746, 423, 139, 1, 10000),
(1747, 424, 111, 4, 12000),
(1748, 424, 119, 1, 30000),
(1749, 424, 141, 1, 17000),
(1750, 424, 143, 1, 15000),
(1751, 424, 118, 1, 15000),
(1752, 425, 107, 15, 18000),
(1753, 425, 110, 1, 50000),
(1755, 425, 146, 1, 60000),
(1756, 425, 116, 1, 25000),
(1757, 426, 108, 13, 20000),
(1758, 426, 110, 2, 50000),
(1766, 428, 112, 5, 15000),
(1767, 428, 110, 1, 50000),
(1769, 426, 118, 1, 15000),
(1770, 426, 116, 1, 25000),
(1771, 426, 122, 1, 6000),
(1773, 426, 147, 1, 12000),
(1774, 426, 139, 1, 10000),
(1775, 426, 117, 1, 10000),
(1776, 428, 122, 1, 6000),
(1777, 428, 139, 1, 10000),
(1778, 428, 142, 1, 12000),
(1779, 429, 110, 1, 50000),
(1781, 429, 111, 10, 12000),
(1782, 430, 111, 7, 12000),
(1783, 430, 110, 1, 50000),
(1785, 430, 139, 1, 10000),
(1786, 431, 107, 24, 18000),
(1787, 431, 110, 2, 50000),
(1789, 431, 126, 5, 10000),
(1793, 433, 108, 21, 20000),
(1794, 433, 110, 1, 50000),
(1796, 433, 144, 1, 60000),
(1797, 433, 146, 2, 60000),
(1798, 434, 108, 12, 20000),
(1799, 431, 120, 1, 30000),
(1800, 431, 119, 1, 30000),
(1801, 431, 142, 1, 12000),
(1802, 431, 139, 1, 10000),
(1803, 431, 123, 1, 10000),
(1804, 431, 117, 2, 10000),
(1805, 431, 122, 1, 6000),
(1806, 434, 139, 2, 10000),
(1807, 434, 122, 1, 6000),
(1808, 434, 117, 1, 10000),
(1809, 435, 112, 8, 15000),
(1810, 435, 110, 1, 50000),
(1812, 436, 112, 9, 15000),
(1813, 436, 110, 1, 50000),
(1815, 437, 111, 4, 12000),
(1816, 437, 110, 1, 50000),
(1819, 437, 122, 1, 6000),
(1820, 438, 111, 11, 12000),
(1821, 438, 110, 1, 50000),
(1824, 438, 141, 1, 17000),
(1835, 441, 107, 34, 18000),
(1836, 441, 110, 1, 50000),
(1838, 442, 111, 5, 12000),
(1839, 442, 110, 1, 50000),
(1841, 441, 126, 2, 10000),
(1844, 442, 122, 1, 6000),
(1845, 442, 116, 1, 25000),
(1846, 442, 120, 1, 30000),
(1847, 442, 125, 1, 7000),
(1849, 441, 120, 2, 30000),
(1850, 441, 122, 1, 6000),
(1851, 441, 124, 1, 10000),
(1852, 441, 141, 1, 17000),
(1856, 444, 107, 15, 18000),
(1857, 444, 110, 1, 50000),
(1859, 445, 111, 20, 12000),
(1860, 445, 110, 2, 50000),
(1862, 446, 110, 1, 50000),
(1863, 446, 107, 7, 18000),
(1865, 446, 127, 2, 15000),
(1866, 443, 112, 12, 15000),
(1867, 444, 122, 1, 6000),
(1868, 443, 122, 1, 6000),
(1869, 447, 111, 24, 12000),
(1870, 447, 110, 1, 50000),
(1872, 447, 144, 1, 60000),
(1876, 449, 110, 1, 50000),
(1878, 449, 112, 7, 15000),
(1879, 449, 126, 1, 10000),
(1880, 451, 111, 20, 12000),
(1881, 451, 110, 1, 50000),
(1884, 452, 111, 12, 12000),
(1885, 452, 110, 1, 50000),
(1887, 452, 121, 1, 30000),
(1888, 452, 139, 1, 10000),
(1889, 453, 112, 20, 15000),
(1890, 453, 110, 1, 50000),
(1892, 451, 120, 1, 30000),
(1893, 451, 141, 1, 17000),
(1894, 451, 139, 1, 10000),
(1896, 455, 112, 51, 15000),
(1897, 455, 146, 2, 60000),
(1898, 455, 127, 3, 15000),
(1899, 454, 146, 1, 60000),
(1900, 454, 110, 1, 50000),
(1901, 454, 112, 11, 15000),
(1902, 454, 116, 1, 25000),
(1903, 453, 116, 1, 25000),
(1904, 454, 139, 1, 10000),
(1906, 448, 108, 7, 20000),
(1907, 448, 110, 1, 50000),
(1909, 448, 144, 1, 60000),
(1910, 448, 126, 3, 10000),
(1911, 453, 139, 2, 10000),
(1912, 453, 120, 1, 30000),
(1913, 453, 122, 1, 6000),
(1914, 457, 112, 17, 15000),
(1915, 457, 110, 1, 50000),
(1916, 457, 139, 2, 10000),
(1917, 458, 112, 5, 15000),
(1918, 458, 110, 1, 50000),
(1920, 459, 111, 15, 12000),
(1921, 459, 146, 1, 60000),
(1923, 459, 110, 1, 50000),
(1924, 459, 139, 1, 10000),
(1925, 460, 112, 18, 15000),
(1926, 460, 110, 1, 50000),
(1928, 460, 126, 1, 10000),
(1929, 462, 108, 12, 20000),
(1930, 462, 110, 1, 50000),
(1932, 463, 108, 13, 20000),
(1933, 463, 110, 1, 50000),
(1935, 461, 110, 1, 50000),
(1936, 463, 126, 5, 10000),
(1937, 463, 121, 3, 30000),
(1938, 462, 119, 1, 30000),
(1939, 463, 122, 2, 6000),
(1940, 460, 119, 1, 30000),
(1941, 460, 142, 1, 12000),
(1942, 460, 141, 1, 17000),
(1943, 463, 118, 1, 15000),
(1944, 464, 107, 6, 18000),
(1945, 464, 110, 1, 50000),
(1947, 464, 146, 1, 60000),
(1948, 464, 144, 1, 60000),
(1949, 464, 115, 1, 30000),
(1950, 464, 122, 1, 6000),
(1952, 465, 112, 10, 15000),
(1953, 465, 110, 1, 50000),
(1955, 465, 125, 1, 7000),
(1956, 465, 121, 1, 30000),
(1958, 466, 111, 4, 12000),
(1959, 466, 110, 1, 50000),
(1961, 467, 110, 2, 50000),
(1963, 467, 108, 46, 20000),
(1964, 467, 146, 1, 60000),
(1965, 467, 147, 2, 12000),
(1966, 467, 127, 3, 15000),
(1967, 467, 139, 1, 0),
(1968, 467, 122, 1, 0),
(1969, 467, 142, 1, 0),
(1970, 468, 112, 8, 15000),
(1971, 468, 110, 1, 50000),
(1973, 468, 54, 1, 15000),
(1974, 469, 111, 8, 12000),
(1975, 469, 110, 1, 50000),
(1978, 468, 121, 1, 30000),
(1979, 468, 122, 1, 6000),
(1980, 468, 125, 1, 7000),
(1981, 470, 111, 5, 12000),
(1983, 470, 110, 1, 50000),
(1985, 471, 137, 18, 14000),
(1986, 471, 110, 1, 50000),
(1989, 471, 144, 1, 60000),
(1990, 472, 107, 30, 18000),
(1991, 472, 110, 1, 50000),
(1993, 472, 122, 1, 6000),
(1994, 472, 139, 2, 10000),
(1995, 472, 119, 1, 30000),
(1996, 472, 125, 1, 7000),
(1997, 472, 116, 1, 25000),
(1998, 472, 120, 1, 30000),
(1999, 473, 111, 8, 12000),
(2000, 473, 110, 1, 50000),
(2002, 473, 141, 1, 17000),
(2003, 474, 112, 15, 15000),
(2004, 474, 110, 1, 50000),
(2006, 474, 147, 1, 12000),
(2007, 474, 122, 2, 6000),
(2008, 476, 112, 3, 15000),
(2009, 477, 112, 12, 15000),
(2010, 477, 110, 1, 50000),
(2012, 475, 111, 1, 12000),
(2013, 475, 110, 1, 50000),
(2015, 475, 118, 1, 15000),
(2016, 475, 121, 1, 30000),
(2017, 475, 139, 1, 10000),
(2018, 478, 110, 1, 50000),
(2019, 478, 143, 1, 15000),
(2020, 477, 120, 1, 30000),
(2021, 477, 121, 1, 30000),
(2023, 479, 111, 29, 12000),
(2024, 479, 110, 1, 50000),
(2026, 481, 111, 4, 12000),
(2027, 481, 110, 1, 50000),
(2029, 479, 143, 2, 15000),
(2030, 479, 144, 1, 60000),
(2031, 481, 123, 1, 10000),
(2032, 482, 111, 15, 12000),
(2033, 482, 110, 1, 50000),
(2035, 479, 141, 1, 17000),
(2036, 479, 139, 1, 10000),
(2038, 483, 107, 2, 18000),
(2039, 483, 110, 1, 50000),
(2041, 483, 126, 2, 10000),
(2042, 482, 120, 1, 30000),
(2043, 482, 123, 1, 10000),
(2045, 480, 121, 1, 30000),
(2049, 483, 141, 1, 17000),
(2058, 486, 111, 16, 12000),
(2059, 486, 110, 1, 50000),
(2060, 486, 122, 1, 6000),
(2061, 486, 142, 1, 12000),
(2062, 487, 111, 40, 12000),
(2063, 487, 110, 1, 50000),
(2065, 488, 112, 24, 15000),
(2066, 488, 110, 2, 50000),
(2068, 488, 15, 1, 25000),
(2069, 488, 120, 1, 30000),
(2070, 488, 139, 1, 10000),
(2072, 488, 122, 1, 6000),
(2073, 488, 146, 1, 0),
(2075, 489, 114, 3, 16000),
(2076, 487, 15, 1, 25000),
(2077, 487, 147, 2, 12000),
(2078, 487, 139, 2, 10000),
(2079, 487, 124, 1, 10000),
(2080, 487, 122, 1, 6000),
(2082, 490, 108, 3, 20000),
(2083, 490, 110, 1, 50000),
(2085, 489, 119, 1, 30000),
(2086, 491, 112, 12, 15000),
(2087, 491, 146, 1, 60000),
(2088, 491, 144, 1, 60000),
(2089, 491, 139, 2, 10000),
(2091, 493, 122, 1, 6000),
(2092, 493, 111, 12, 12000),
(2094, 493, 110, 1, 50000),
(2095, 492, 107, 8, 18000),
(2096, 492, 139, 2, 10000),
(2097, 494, 112, 10, 15000),
(2099, 494, 144, 1, 60000),
(2101, 494, 129, 1, 15000),
(2102, 494, 122, 1, 6000),
(2103, 494, 124, 1, 10000),
(2104, 494, 120, 1, 30000),
(2105, 494, 121, 1, 30000),
(2106, 495, 111, 10, 12000),
(2107, 496, 143, 3, 15000),
(2108, 496, 127, 1, 15000),
(2109, 496, 111, 35, 14000),
(2110, 496, 110, 1, 50000),
(2112, 497, 111, 8, 14000),
(2113, 497, 110, 1, 50000),
(2115, 497, 120, 1, 30000),
(2116, 496, 139, 2, 10000),
(2117, 496, 125, 1, 7000),
(2118, 496, 121, 1, 30000),
(2119, 498, 112, 10, 15000),
(2120, 498, 110, 1, 50000),
(2122, 498, 145, 1, 60000),
(2123, 498, 127, 1, 15000),
(2124, 498, 126, 1, 10000),
(2125, 499, 145, 1, 60000),
(2127, 499, 144, 1, 60000),
(2128, 499, 110, 2, 50000),
(2129, 498, 119, 3, 30000),
(2130, 499, 107, 20, 18000),
(2132, 498, 54, 1, 15000),
(2133, 498, 115, 1, 30000),
(2134, 498, 118, 1, 15000),
(2135, 498, 147, 2, 12000),
(2136, 498, 125, 2, 7000),
(2137, 498, 123, 1, 10000),
(2138, 498, 124, 1, 10000),
(2139, 498, 139, 1, 10000),
(2140, 498, 122, 2, 6000),
(2142, 498, 142, 1, 12000),
(2143, 498, 121, 1, 30000),
(2145, 499, 121, 1, 30000),
(2146, 499, 122, 1, 6000),
(2148, 499, 115, 1, 30000),
(2149, 500, 144, 1, 60000),
(2150, 501, 111, 1, 12000),
(2154, 500, 108, 2, 20000),
(2157, 501, 139, 1, 10000),
(2158, 502, 116, 2, 25000),
(2159, 503, 111, 14, 12000),
(2161, 503, 141, 1, 17000),
(2162, 503, 139, 1, 10000),
(2163, 503, 122, 1, 6000),
(2164, 503, 121, 1, 30000),
(2165, 504, 107, 7, 18000),
(2166, 504, 110, 1, 50000),
(2168, 504, 118, 1, 15000),
(2169, 505, 112, 12, 15000),
(2170, 505, 110, 1, 50000),
(2172, 505, 141, 1, 17000),
(2173, 505, 139, 1, 10000),
(2175, 508, 110, 2, 50000),
(2180, 508, 137, 24, 16000),
(2181, 509, 111, 17, 14000),
(2184, 508, 127, 3, 15000),
(2185, 508, 138, 6, 17000),
(2192, 509, 122, 6, 6000),
(2193, 510, 111, 9, 14000),
(2194, 510, 110, 1, 50000),
(2196, 510, 125, 2, 7000),
(2197, 510, 122, 1, 6000),
(2198, 510, 141, 1, 17000),
(2199, 510, 127, 2, 15000),
(2201, 508, 115, 1, 30000),
(2202, 508, 122, 1, 6000),
(2204, 508, 139, 1, 10000),
(2205, 508, 123, 1, 10000),
(2206, 508, 125, 2, 7000),
(2207, 508, 118, 1, 15000),
(2208, 508, 119, 1, 30000),
(2209, 511, 138, 1, 15000),
(2210, 512, 111, 32, 12000),
(2212, 512, 110, 1, 50000),
(2214, 512, 144, 3, 60000),
(2215, 512, 15, 1, 25000),
(2216, 512, 119, 1, 30000),
(2217, 512, 121, 1, 30000),
(2219, 512, 139, 1, 10000),
(2220, 512, 122, 1, 6000),
(2221, 512, 118, 1, 15000),
(2222, 512, 142, 1, 12000),
(2224, 513, 111, 9, 14000),
(2225, 514, 111, 9, 14000),
(2226, 513, 141, 1, 17000),
(2227, 513, 116, 1, 25000),
(2228, 513, 118, 1, 15000),
(2230, 514, 139, 2, 10000),
(2231, 515, 108, 35, 20000),
(2232, 515, 110, 2, 50000),
(2234, 515, 15, 1, 25000),
(2235, 515, 122, 1, 6000),
(2236, 516, 112, 6, 15000),
(2237, 516, 110, 1, 50000),
(2239, 516, 139, 1, 10000),
(2240, 518, 108, 24, 20000),
(2241, 518, 110, 2, 50000),
(2244, 518, 122, 4, 6000),
(2245, 518, 119, 1, 30000),
(2247, 518, 139, 1, 10000),
(2249, 520, 110, 1, 50000),
(2251, 520, 111, 14, 14000),
(2252, 520, 143, 5, 15000),
(2253, 520, 122, 1, 6000),
(2255, 521, 111, 7, 12000),
(2256, 521, 110, 1, 50000),
(2258, 522, 107, 16, 18000),
(2259, 522, 110, 1, 50000),
(2260, 522, 142, 1, 12000),
(2261, 522, 139, 1, 10000),
(2262, 522, 146, 1, 60000),
(2263, 522, 144, 1, 60000),
(2266, 523, 107, 48, 18000),
(2267, 523, 110, 2, 50000),
(2269, 523, 139, 3, 10000),
(2271, 524, 111, 11, 12000),
(2272, 524, 110, 1, 50000),
(2274, 524, 122, 2, 6000),
(2275, 525, 112, 34, 15000),
(2276, 525, 110, 2, 50000),
(2277, 525, 144, 1, 60000),
(2278, 525, 139, 2, 10000),
(2279, 523, 144, 2, 60000),
(2280, 523, 116, 1, 25000),
(2281, 523, 141, 1, 17000),
(2282, 523, 125, 2, 7000),
(2283, 523, 112, 12, 15000),
(2284, 523, 142, 1, 12000),
(2285, 526, 15, 1, 25000),
(2286, 527, 111, 13, 14000),
(2287, 527, 110, 1, 50000),
(2289, 527, 143, 2, 15000),
(2291, 529, 111, 16, 14000),
(2292, 529, 110, 1, 50000),
(2294, 528, 112, 16, 17000),
(2295, 528, 110, 1, 50000),
(2297, 527, 120, 1, 30000),
(2298, 527, 121, 1, 30000),
(2301, 529, 122, 1, 6000),
(2302, 530, 112, 2, 17000),
(2303, 532, 114, 5, 16000),
(2304, 532, 110, 1, 50000),
(2305, 533, 108, 24, 20000),
(2306, 533, 112, 2, 0),
(2307, 534, 111, 14, 12000),
(2308, 534, 110, 1, 50000),
(2310, 534, 15, 1, 25000),
(2311, 535, 111, 12, 14000),
(2312, 535, 110, 2, 50000),
(2314, 534, 124, 1, 10000),
(2315, 534, 118, 1, 15000),
(2316, 535, 122, 2, 6000),
(2317, 535, 139, 1, 10000),
(2319, 535, 124, 1, 10000),
(2320, 535, 120, 1, 30000),
(2321, 535, 119, 1, 30000),
(2322, 535, 118, 1, 15000),
(2323, 535, 125, 2, 7000),
(2324, 535, 121, 1, 30000),
(2325, 536, 111, 10, 12000),
(2326, 536, 110, 1, 50000),
(2328, 536, 127, 1, 15000),
(2332, 536, 15, 1, 25000),
(2335, 538, 107, 19, 18000),
(2336, 538, 110, 1, 50000),
(2338, 538, 119, 1, 30000),
(2339, 538, 139, 1, 10000),
(2340, 538, 147, 2, 12000),
(2341, 538, 146, 1, 0),
(2342, 538, 116, 1, 25000),
(2343, 539, 107, 8, 18000),
(2344, 539, 110, 1, 50000),
(2346, 540, 110, 1, 50000),
(2348, 540, 144, 1, 60000),
(2349, 540, 111, 7, 12000),
(2350, 539, 139, 1, 10000),
(2351, 539, 115, 1, 30000),
(2353, 540, 116, 1, 25000),
(2355, 541, 110, 1, 50000),
(2357, 541, 107, 9, 18000),
(2358, 541, 118, 1, 15000),
(2359, 541, 142, 1, 12000),
(2360, 541, 121, 1, 30000),
(2362, 542, 107, 18, 18000),
(2363, 542, 110, 1, 50000),
(2365, 542, 121, 1, 30000),
(2366, 542, 119, 1, 30000),
(2367, 542, 141, 1, 17000),
(2368, 542, 122, 1, 6000),
(2369, 542, 139, 1, 10000),
(2370, 543, 108, 10, 20000),
(2371, 543, 139, 2, 10000),
(2372, 544, 143, 1, 15000),
(2374, 545, 112, 6, 15000),
(2375, 545, 110, 1, 50000),
(2377, 545, 122, 1, 6000),
(2378, 547, 110, 1, 50000),
(2381, 548, 107, 15, 18000),
(2382, 548, 110, 2, 50000),
(2384, 547, 112, 21, 15000),
(2385, 549, 107, 9, 18000),
(2386, 549, 110, 2, 50000),
(2388, 547, 15, 1, 25000),
(2389, 549, 125, 1, 7000),
(2390, 549, 121, 1, 30000),
(2391, 549, 126, 1, 10000),
(2392, 547, 125, 1, 7000),
(2393, 550, 155, 24, 15000),
(2394, 550, 110, 1, 50000),
(2395, 550, 156, 1, 50000),
(2396, 551, 108, 6, 20000),
(2397, 551, 110, 1, 50000),
(2398, 551, 156, 1, 50000),
(2400, 550, 124, 1, 10000),
(2401, 550, 115, 1, 30000),
(2403, 551, 124, 1, 10000),
(2404, 551, 126, 1, 10000),
(2405, 552, 112, 14, 15000),
(2406, 552, 110, 1, 50000),
(2408, 552, 124, 1, 10000),
(2409, 553, 112, 13, 15000),
(2411, 554, 126, 1, 10000),
(2412, 555, 107, 44, 18000),
(2413, 555, 146, 2, 60000),
(2414, 555, 120, 1, 30000),
(2415, 555, 139, 2, 10000),
(2416, 555, 142, 1, 12000),
(2417, 556, 112, 15, 15000),
(2418, 556, 110, 1, 50000),
(2420, 557, 112, 11, 15000),
(2421, 557, 110, 1, 50000),
(2423, 557, 54, 1, 15000),
(2424, 556, 134, 1, 50000),
(2425, 556, 122, 1, 6000),
(2427, 556, 115, 1, 30000),
(2428, 556, 120, 1, 30000),
(2429, 556, 139, 1, 10000),
(2430, 556, 147, 1, 12000),
(2432, 556, 142, 1, 12000),
(2433, 556, 124, 1, 10000),
(2434, 556, 125, 2, 7000),
(2435, 558, 112, 52, 15000),
(2436, 558, 110, 2, 50000),
(2438, 558, 134, 2, 50000),
(2439, 557, 139, 1, 10000),
(2440, 558, 151, 1, 30000),
(2443, 559, 111, 8, 12000),
(2444, 559, 134, 1, 50000),
(2446, 558, 141, 1, 17000),
(2447, 558, 122, 1, 6000),
(2448, 560, 112, 1, 15000),
(2449, 561, 107, 2, 18000),
(2450, 562, 123, 1, 0),
(2451, 563, 112, 5, 15000),
(2452, 563, 139, 1, 10000),
(2453, 563, 134, 1, 50000),
(2454, 564, 111, 10, 12000),
(2455, 564, 110, 1, 50000),
(2457, 565, 111, 33, 14000),
(2458, 565, 110, 2, 50000),
(2461, 565, 15, 1, 25000),
(2462, 565, 127, 3, 15000),
(2463, 565, 143, 2, 15000),
(2464, 564, 120, 1, 30000),
(2465, 564, 119, 1, 30000),
(2466, 564, 115, 1, 30000),
(2467, 566, 112, 11, 15000),
(2468, 566, 146, 2, 60000),
(2469, 566, 134, 1, 50000),
(2470, 567, 111, 9, 12000),
(2471, 567, 110, 1, 50000),
(2473, 567, 15, 1, 25000),
(2474, 567, 122, 1, 6000),
(2475, 568, 111, 3, 14000),
(2476, 569, 111, 2, 12000),
(2479, 569, 116, 1, 25000),
(2481, 569, 119, 1, 30000),
(2482, 570, 111, 51, 12000),
(2483, 570, 110, 1, 50000),
(2486, 570, 15, 1, 25000),
(2487, 572, 111, 9, 14000),
(2488, 573, 111, 3, 14000),
(2491, 571, 15, 1, 25000),
(2492, 571, 112, 32, 17000),
(2493, 571, 139, 2, 10000),
(2494, 571, 121, 1, 30000),
(2495, 575, 111, 13, 12000),
(2496, 575, 110, 2, 50000),
(2499, 575, 119, 1, 30000),
(2500, 575, 139, 1, 10000),
(2501, 575, 122, 2, 6000),
(2502, 575, 121, 1, 30000),
(2503, 576, 116, 1, 25000),
(2505, 577, 110, 1, 50000),
(2507, 577, 111, 6, 12000),
(2508, 577, 139, 1, 10000),
(2509, 578, 112, 31, 15000),
(2510, 578, 110, 1, 50000),
(2512, 579, 112, 24, 15000),
(2513, 579, 110, 1, 50000),
(2514, 579, 146, 2, 0),
(2515, 579, 156, 1, 50000),
(2517, 579, 134, 2, 0),
(2518, 579, 113, 12, 17000),
(2519, 579, 122, 1, 6000),
(2520, 579, 115, 1, 30000),
(2521, 579, 116, 1, 25000),
(2522, 579, 139, 1, 10000),
(2523, 580, 116, 1, 25000),
(2524, 581, 107, 5, 18000),
(2525, 581, 110, 1, 50000),
(2527, 581, 54, 2, 15000),
(2528, 581, 156, 1, 50000),
(2529, 581, 141, 1, 17000),
(2530, 581, 139, 1, 10000),
(2531, 582, 127, 1, 15000),
(2533, 582, 54, 1, 15000),
(2534, 583, 112, 16, 17000),
(2535, 583, 110, 1, 50000),
(2536, 583, 156, 1, 50000),
(2538, 582, 120, 1, 30000),
(2539, 583, 141, 1, 17000),
(2540, 583, 121, 1, 30000),
(2541, 584, 111, 29, 12000),
(2542, 584, 110, 2, 50000),
(2544, 584, 139, 2, 10000),
(2545, 584, 116, 1, 25000),
(2547, 584, 122, 2, 6000),
(2548, 584, 120, 1, 30000),
(2549, 584, 121, 1, 30000),
(2550, 584, 147, 1, 12000),
(2551, 584, 118, 1, 15000),
(2552, 584, 142, 1, 12000),
(2553, 585, 112, 13, 15000),
(2554, 585, 126, 1, 10000),
(2555, 585, 110, 1, 50000),
(2557, 585, 120, 1, 30000),
(2558, 585, 119, 1, 30000),
(2559, 585, 139, 1, 10000),
(2560, 585, 142, 1, 12000),
(2561, 586, 107, 24, 18000),
(2562, 586, 126, 2, 10000),
(2563, 586, 110, 1, 50000),
(2564, 586, 156, 1, 50000),
(2566, 586, 116, 1, 25000),
(2567, 586, 142, 1, 12000),
(2568, 586, 141, 1, 17000),
(2569, 586, 139, 2, 10000),
(2572, 586, 125, 2, 7000),
(2573, 587, 112, 4, 17000),
(2574, 587, 110, 1, 50000),
(2575, 587, 156, 1, 50000),
(2577, 587, 122, 2, 6000),
(2578, 588, 112, 2, 15000),
(2581, 588, 118, 1, 15000),
(2582, 589, 111, 6, 12000),
(2583, 589, 110, 1, 50000),
(2586, 589, 122, 2, 6000),
(2587, 589, 139, 1, 10000),
(2588, 590, 108, 10, 20000),
(2589, 590, 110, 1, 50000),
(2590, 590, 156, 1, 50000),
(2592, 590, 15, 1, 25000),
(2595, 591, 107, 6, 18000),
(2596, 591, 110, 1, 50000),
(2599, 591, 139, 1, 10000),
(2600, 592, 112, 6, 15000),
(2601, 592, 110, 1, 50000),
(2603, 592, 146, 1, 60000),
(2605, 592, 115, 1, 30000),
(2607, 593, 111, 15, 14000),
(2608, 593, 110, 1, 50000),
(2610, 594, 116, 1, 25000),
(2611, 595, 111, 26, 12000),
(2612, 595, 110, 3, 50000),
(2614, 596, 111, 8, 12000),
(2615, 596, 110, 1, 50000),
(2617, 595, 15, 1, 25000),
(2618, 597, 107, 3, 18000),
(2619, 597, 111, 20, 12000),
(2620, 597, 110, 1, 50000),
(2623, 595, 125, 1, 7000),
(2624, 595, 122, 2, 6000),
(2625, 597, 15, 1, 25000),
(2626, 597, 119, 1, 30000),
(2627, 597, 120, 1, 30000),
(2628, 597, 141, 1, 17000),
(2629, 597, 118, 1, 15000),
(2630, 597, 121, 1, 30000),
(2631, 597, 122, 2, 6000),
(2632, 597, 139, 1, 10000),
(2633, 597, 125, 1, 7000),
(2635, 599, 107, 4, 18000),
(2636, 600, 112, 20, 15000),
(2637, 600, 110, 1, 50000),
(2639, 600, 54, 1, 15000),
(2641, 600, 120, 1, 30000),
(2642, 600, 141, 1, 17000),
(2643, 600, 139, 2, 10000),
(2644, 600, 125, 2, 7000),
(2645, 602, 116, 2, 25000),
(2646, 601, 111, 12, 12000),
(2647, 601, 110, 1, 50000),
(2649, 603, 111, 47, 12000),
(2650, 603, 110, 2, 50000),
(2654, 603, 141, 1, 17000),
(2655, 603, 121, 1, 30000),
(2656, 603, 124, 1, 10000),
(2657, 603, 139, 1, 10000),
(2658, 603, 125, 2, 7000),
(2659, 603, 118, 1, 15000),
(2660, 603, 115, 1, 30000),
(2662, 603, 122, 2, 6000),
(2663, 603, 142, 1, 12000),
(2665, 605, 110, 1, 50000),
(2667, 606, 107, 3, 20000),
(2668, 606, 110, 1, 50000),
(2670, 606, 139, 1, 10000),
(2671, 606, 125, 1, 7000),
(2672, 607, 111, 20, 12000),
(2673, 607, 113, 29, 17000),
(2674, 607, 110, 2, 50000),
(2675, 607, 116, 1, 25000),
(2676, 607, 139, 5, 10000),
(2677, 607, 126, 2, 10000),
(2678, 608, 112, 12, 15000),
(2679, 608, 110, 1, 50000),
(2681, 608, 115, 1, 30000),
(2683, 608, 141, 1, 17000),
(2684, 608, 125, 1, 7000),
(2685, 609, 126, 10, 0),
(2686, 610, 111, 10, 12000),
(2687, 610, 139, 2, 10000),
(2688, 611, 112, 5, 15000),
(2689, 611, 54, 3, 15000),
(2691, 611, 110, 1, 50000),
(2693, 611, 125, 1, 7000),
(2694, 611, 139, 1, 10000),
(2695, 612, 111, 14, 12000),
(2696, 612, 110, 1, 50000),
(2698, 612, 141, 1, 17000),
(2699, 613, 54, 1, 15000),
(2700, 614, 108, 18, 20000),
(2701, 614, 110, 1, 50000),
(2703, 614, 120, 1, 30000),
(2705, 614, 139, 2, 10000),
(2706, 615, 116, 10, 17000),
(2709, 617, 112, 6, 15000),
(2712, 616, 111, 4, 14000),
(2713, 616, 110, 1, 50000),
(2714, 618, 112, 10, 17000),
(2715, 618, 110, 1, 50000),
(2717, 619, 108, 24, 0),
(2719, 617, 139, 1, 10000),
(2720, 617, 120, 1, 30000),
(2721, 617, 123, 1, 10000),
(2723, 620, 120, 1, 30000),
(2724, 620, 119, 1, 30000),
(2725, 620, 141, 1, 17000),
(2726, 620, 142, 1, 12000),
(2727, 620, 118, 1, 15000),
(2728, 620, 139, 2, 10000),
(2729, 620, 147, 2, 12000),
(2730, 620, 125, 2, 7000),
(2731, 620, 121, 2, 30000),
(2732, 620, 110, 1, 50000),
(2733, 620, 123, 2, 10000),
(2734, 621, 108, 24, 0),
(2736, 622, 107, 3, 18000),
(2737, 622, 110, 1, 50000),
(2739, 622, 122, 1, 6000),
(2740, 623, 138, 16, 15000),
(2741, 623, 110, 1, 50000),
(2743, 623, 121, 1, 30000),
(2744, 623, 141, 1, 17000),
(2745, 623, 122, 1, 6000),
(2746, 624, 111, 7, 14000),
(2747, 624, 110, 1, 50000),
(2749, 624, 15, 1, 25000),
(2750, 625, 111, 5, 14000),
(2751, 625, 110, 1, 50000),
(2753, 625, 147, 1, 12000),
(2755, 625, 120, 1, 30000),
(2756, 625, 123, 1, 10000),
(2757, 626, 15, 1, 25000),
(2758, 627, 112, 11, 15000),
(2759, 627, 118, 1, 15000),
(2760, 627, 123, 1, 10000),
(2761, 628, 110, 1, 50000),
(2762, 628, 107, 20, 18000),
(2764, 628, 122, 1, 6000),
(2765, 628, 125, 1, 7000),
(2766, 628, 139, 2, 10000),
(2767, 628, 119, 1, 30000),
(2768, 628, 121, 1, 30000),
(2769, 628, 141, 1, 17000),
(2770, 628, 118, 1, 15000),
(2771, 629, 111, 5, 12000),
(2773, 629, 110, 1, 50000),
(2774, 629, 15, 1, 25000),
(2776, 630, 110, 1, 50000),
(2777, 630, 111, 26, 12000),
(2778, 630, 141, 1, 17000),
(2779, 630, 121, 2, 30000),
(2780, 630, 120, 1, 30000),
(2781, 630, 139, 1, 10000),
(2782, 630, 147, 1, 12000),
(2783, 630, 122, 2, 6000),
(2784, 630, 116, 1, 25000),
(2786, 631, 112, 11, 15000),
(2787, 631, 110, 1, 50000),
(2789, 631, 146, 1, 60000),
(2790, 631, 116, 1, 25000),
(2792, 632, 112, 3, 15000),
(2793, 632, 110, 1, 50000),
(2795, 633, 110, 1, 50000),
(2796, 634, 112, 3, 17000),
(2797, 634, 110, 1, 50000),
(2799, 634, 115, 1, 30000),
(2801, 635, 111, 15, 12000),
(2802, 635, 110, 1, 50000),
(2804, 635, 122, 1, 6000),
(2805, 635, 120, 1, 30000),
(2806, 635, 118, 1, 15000),
(2808, 636, 110, 1, 50000),
(2810, 636, 146, 1, 60000),
(2811, 636, 134, 1, 50000),
(2812, 636, 107, 13, 18000),
(2813, 636, 122, 1, 6000),
(2814, 636, 120, 1, 30000),
(2815, 637, 111, 20, 12000),
(2816, 637, 110, 1, 50000),
(2817, 637, 139, 2, 10000),
(2818, 638, 111, 16, 14000),
(2819, 638, 110, 2, 50000),
(2821, 639, 15, 1, 25000),
(2823, 640, 112, 4, 15000),
(2824, 640, 110, 1, 50000),
(2826, 640, 134, 1, 50000),
(2827, 641, 111, 16, 12000),
(2828, 641, 110, 1, 50000),
(2830, 641, 139, 2, 10000),
(2831, 641, 122, 2, 6000),
(2832, 642, 111, 20, 12000),
(2833, 642, 110, 1, 50000),
(2835, 642, 154, 1, 30000),
(2836, 642, 141, 1, 17000),
(2837, 642, 119, 1, 30000),
(2838, 642, 142, 1, 12000),
(2839, 643, 55, 2, 15000),
(2840, 643, 126, 1, 10000),
(2842, 643, 127, 1, 15000),
(2843, 643, 54, 1, 15000),
(2844, 644, 112, 7, 15000),
(2845, 644, 110, 1, 50000),
(2847, 646, 15, 1, 25000),
(2848, 647, 134, 1, 50000),
(2849, 647, 54, 3, 15000),
(2850, 646, 111, 12, 14000),
(2851, 646, 110, 2, 50000),
(2853, 645, 111, 13, 14000),
(2854, 645, 110, 1, 50000),
(2856, 647, 112, 15, 17000),
(2858, 648, 112, 12, 15000),
(2859, 648, 110, 1, 50000),
(2861, 647, 15, 2, 25000),
(2862, 648, 134, 1, 50000),
(2863, 649, 111, 2, 14000),
(2864, 648, 15, 1, 25000),
(2866, 650, 53, 1, 15000),
(2867, 651, 111, 4, 12000),
(2869, 651, 15, 1, 25000),
(2870, 651, 53, 1, 15000),
(2871, 652, 111, 11, 12000),
(2872, 652, 110, 1, 50000),
(2874, 652, 127, 1, 15000),
(2875, 652, 145, 1, 60000),
(2877, 653, 110, 1, 50000),
(2879, 653, 111, 8, 12000),
(2880, 654, 112, 5, 17000),
(2881, 654, 110, 1, 50000),
(2883, 654, 54, 1, 15000),
(2884, 654, 147, 1, 12000),
(2885, 654, 142, 1, 12000),
(2886, 653, 139, 1, 10000),
(2887, 653, 142, 1, 12000),
(2888, 653, 121, 1, 30000),
(2889, 653, 118, 1, 15000),
(2890, 655, 111, 12, 12000),
(2891, 655, 110, 1, 50000),
(2893, 655, 119, 1, 30000),
(2894, 655, 122, 1, 6000),
(2895, 655, 115, 1, 30000),
(2897, 655, 142, 1, 12000),
(2898, 656, 110, 1, 50000),
(2899, 656, 111, 28, 12000),
(2900, 656, 146, 1, 60000),
(2901, 657, 55, 2, 15000),
(2903, 658, 110, 2, 50000),
(2905, 657, 111, 20, 12000),
(2906, 657, 107, 3, 18000),
(2907, 657, 110, 2, 50000),
(2908, 659, 111, 15, 12000),
(2909, 656, 15, 2, 25000),
(2910, 659, 110, 1, 50000),
(2912, 659, 15, 1, 25000),
(2913, 658, 112, 28, 15000),
(2914, 657, 141, 2, 17000),
(2915, 658, 15, 1, 25000),
(2917, 657, 125, 1, 7000),
(2918, 657, 116, 1, 25000),
(2919, 657, 142, 1, 12000),
(2920, 656, 139, 2, 10000),
(2921, 660, 111, 4, 12000),
(2922, 660, 110, 1, 50000),
(2924, 661, 112, 12, 15000),
(2925, 661, 110, 1, 50000),
(2927, 661, 127, 2, 15000),
(2928, 660, 120, 1, 30000),
(2930, 660, 115, 1, 30000),
(2931, 660, 122, 1, 6000),
(2932, 661, 116, 1, 25000),
(2933, 661, 122, 1, 6000),
(2935, 662, 111, 8, 14000),
(2936, 662, 110, 1, 50000),
(2938, 663, 108, 7, 22000),
(2940, 663, 110, 1, 50000),
(2941, 662, 116, 1, 25000),
(2943, 663, 142, 1, 12000),
(2944, 664, 112, 29, 15000),
(2945, 664, 110, 1, 50000),
(2946, 664, 146, 1, 60000),
(2948, 664, 122, 1, 6000),
(2949, 665, 112, 25, 15000);
INSERT INTO `k3d_session_detail` (`id`, `idsession`, `idcourse`, `count`, `price`) VALUES
(2950, 665, 110, 1, 50000),
(2951, 665, 139, 1, 10000),
(2952, 665, 134, 2, 50000),
(2954, 665, 116, 1, 25000),
(2955, 667, 111, 7, 14000),
(2956, 667, 110, 1, 50000),
(2958, 666, 111, 3, 14000),
(2959, 666, 112, 23, 17000),
(2960, 666, 110, 2, 50000),
(2962, 664, 115, 1, 30000),
(2964, 664, 139, 1, 10000),
(2965, 664, 141, 1, 17000),
(2966, 667, 146, 1, 60000),
(2967, 666, 55, 1, 15000),
(2968, 666, 121, 1, 30000),
(2970, 668, 110, 1, 50000),
(2972, 668, 126, 1, 10000),
(2975, 668, 112, 3, 15000),
(2976, 669, 111, 8, 12000),
(2977, 669, 110, 1, 50000),
(2979, 670, 112, 7, 17000),
(2980, 670, 110, 1, 50000),
(2982, 672, 111, 6, 14000),
(2983, 672, 110, 1, 50000),
(2985, 671, 112, 6, 17000),
(2986, 671, 110, 1, 50000),
(2988, 673, 112, 11, 17000),
(2989, 673, 110, 1, 50000),
(2991, 673, 127, 2, 15000),
(2992, 673, 15, 2, 25000),
(2994, 672, 122, 1, 6000),
(2995, 671, 139, 1, 10000),
(2996, 674, 15, 1, 25000),
(2997, 671, 116, 1, 25000),
(2999, 673, 141, 1, 17000),
(3000, 673, 120, 1, 30000),
(3001, 673, 125, 2, 7000),
(3002, 673, 123, 2, 10000),
(3003, 673, 142, 1, 12000),
(3004, 673, 121, 1, 30000),
(3005, 675, 112, 70, 15000),
(3006, 676, 111, 30, 12000),
(3007, 676, 110, 2, 50000),
(3009, 675, 139, 1, 10000),
(3011, 678, 111, 15, 14000),
(3012, 678, 110, 1, 50000),
(3014, 677, 111, 8, 14000),
(3015, 677, 110, 1, 50000),
(3017, 676, 15, 1, 25000),
(3018, 680, 107, 18, 20000),
(3019, 680, 110, 1, 50000),
(3021, 678, 141, 1, 17000),
(3022, 678, 139, 2, 10000),
(3023, 678, 118, 1, 15000),
(3024, 678, 122, 1, 6000),
(3025, 678, 115, 1, 30000),
(3027, 681, 107, 8, 18000),
(3028, 681, 110, 1, 50000),
(3030, 681, 15, 1, 25000),
(3032, 682, 111, 4, 12000),
(3033, 682, 110, 1, 50000),
(3035, 682, 122, 1, 6000),
(3036, 682, 139, 1, 10000),
(3037, 683, 112, 31, 15000),
(3038, 683, 110, 1, 50000),
(3040, 683, 134, 1, 50000),
(3042, 684, 139, 1, 10000),
(3043, 684, 113, 10, 17000),
(3044, 685, 123, 1, 10000),
(3045, 685, 125, 1, 7000),
(3046, 686, 111, 32, 12000),
(3047, 686, 110, 3, 50000),
(3049, 683, 122, 2, 6000),
(3050, 683, 121, 1, 30000),
(3051, 683, 142, 1, 12000),
(3052, 687, 111, 12, 14000),
(3055, 688, 123, 2, 0),
(3056, 688, 119, 1, 0),
(3057, 688, 112, 4, 0),
(3058, 688, 122, 1, 0),
(3059, 686, 119, 1, 30000),
(3060, 686, 120, 1, 30000),
(3061, 686, 147, 1, 12000),
(3062, 686, 139, 1, 10000),
(3063, 686, 122, 2, 6000),
(3064, 686, 121, 1, 30000),
(3066, 687, 142, 1, 12000),
(3068, 687, 125, 1, 7000),
(3069, 687, 118, 1, 15000),
(3070, 689, 112, 21, 15000),
(3071, 689, 110, 2, 50000),
(3073, 690, 112, 7, 15000),
(3074, 690, 110, 1, 50000),
(3076, 690, 119, 1, 30000),
(3077, 689, 116, 1, 25000),
(3078, 691, 112, 21, 15000),
(3079, 691, 110, 2, 50000),
(3081, 691, 116, 1, 25000),
(3082, 691, 122, 1, 6000),
(3084, 691, 126, 1, 10000),
(3085, 692, 112, 18, 15000),
(3086, 692, 143, 1, 15000),
(3087, 692, 110, 1, 50000),
(3089, 692, 122, 3, 6000),
(3090, 692, 139, 1, 10000),
(3092, 692, 142, 1, 12000),
(3093, 693, 112, 15, 15000),
(3094, 693, 110, 1, 50000),
(3096, 693, 139, 2, 10000),
(3097, 694, 112, 9, 15000),
(3098, 694, 110, 1, 50000),
(3100, 694, 116, 1, 25000),
(3102, 695, 112, 7, 17000),
(3103, 695, 110, 1, 50000),
(3105, 696, 111, 15, 14000),
(3106, 696, 110, 1, 50000),
(3108, 695, 126, 1, 10000),
(3109, 695, 118, 1, 15000),
(3110, 695, 125, 1, 7000),
(3111, 695, 122, 2, 6000),
(3112, 696, 142, 1, 12000),
(3113, 696, 139, 1, 10000),
(3114, 697, 126, 1, 10000),
(3115, 698, 107, 24, 18000),
(3116, 698, 110, 1, 50000),
(3118, 698, 143, 1, 15000),
(3119, 698, 118, 1, 15000),
(3120, 698, 142, 1, 12000),
(3121, 698, 139, 1, 10000),
(3122, 698, 123, 1, 10000),
(3123, 698, 121, 1, 30000),
(3125, 698, 122, 1, 6000),
(3126, 699, 113, 24, 17000),
(3127, 700, 108, 24, 20000),
(3128, 701, 112, 20, 17000),
(3129, 701, 110, 1, 50000),
(3132, 702, 54, 1, 15000),
(3133, 701, 121, 2, 30000),
(3134, 701, 116, 1, 25000),
(3135, 701, 147, 1, 12000),
(3136, 701, 125, 1, 7000),
(3137, 701, 119, 1, 30000),
(3138, 701, 142, 1, 12000),
(3139, 701, 118, 1, 15000),
(3140, 701, 120, 1, 30000),
(3141, 703, 116, 2, 25000),
(3142, 704, 108, 10, 20000),
(3143, 704, 110, 1, 50000),
(3145, 704, 139, 1, 10000),
(3146, 705, 112, 2, 15000),
(3147, 705, 146, 1, 60000),
(3148, 706, 107, 14, 18000),
(3149, 706, 110, 1, 50000),
(3151, 706, 143, 3, 15000),
(3152, 706, 15, 1, 25000),
(3153, 707, 110, 1, 50000),
(3155, 707, 112, 12, 17000),
(3157, 706, 122, 1, 6000),
(3159, 707, 116, 1, 25000),
(3161, 708, 112, 16, 17000),
(3162, 708, 110, 1, 50000),
(3164, 709, 112, 15, 15000),
(3167, 709, 153, 2, 30000),
(3168, 709, 139, 2, 10000),
(3170, 710, 113, 24, 17000),
(3171, 710, 146, 1, 60000),
(3172, 708, 119, 1, 30000),
(3173, 708, 125, 2, 7000),
(3174, 708, 118, 1, 15000),
(3175, 708, 122, 1, 6000),
(3176, 710, 116, 2, 25000),
(3177, 711, 112, 5, 15000),
(3178, 710, 139, 2, 10000),
(3179, 710, 142, 1, 12000),
(3180, 712, 112, 19, 17000),
(3181, 712, 110, 2, 50000),
(3190, 714, 111, 10, 14000),
(3191, 714, 110, 2, 50000),
(3193, 714, 115, 1, 30000),
(3194, 714, 15, 1, 25000),
(3196, 712, 119, 4, 30000),
(3197, 715, 139, 2, 10000),
(3198, 715, 112, 1, 17000),
(3199, 712, 125, 1, 7000),
(3200, 712, 120, 1, 30000),
(3201, 712, 142, 1, 12000),
(3202, 712, 118, 1, 15000),
(3203, 712, 121, 1, 30000),
(3204, 716, 155, 14, 15000),
(3205, 716, 110, 1, 50000),
(3207, 716, 127, 1, 15000),
(3216, 716, 119, 1, 30000),
(3217, 716, 118, 1, 15000),
(3218, 716, 123, 1, 10000),
(3220, 716, 147, 2, 12000),
(3221, 716, 125, 2, 7000),
(3222, 716, 122, 2, 6000),
(3223, 717, 111, 2, 12000),
(3224, 717, 110, 1, 50000),
(3226, 718, 111, 4, 14000),
(3227, 718, 110, 1, 50000),
(3229, 718, 15, 1, 25000),
(3231, 719, 112, 12, 17000),
(3232, 719, 110, 1, 50000),
(3234, 720, 112, 9, 17000),
(3235, 721, 112, 20, 15000),
(3236, 721, 110, 1, 50000),
(3238, 721, 127, 2, 15000),
(3239, 722, 112, 17, 15000),
(3240, 722, 110, 1, 50000),
(3243, 722, 146, 1, 60000),
(3244, 722, 144, 2, 60000),
(3245, 724, 112, 17, 15000),
(3248, 724, 139, 1, 10000),
(3249, 723, 112, 10, 17000),
(3250, 723, 121, 1, 30000),
(3252, 723, 125, 1, 7000),
(3253, 725, 112, 4, 15000),
(3255, 725, 110, 1, 50000),
(3256, 725, 143, 1, 15000),
(3257, 725, 122, 1, 6000),
(3258, 726, 107, 26, 18000),
(3259, 726, 110, 2, 50000),
(3261, 726, 15, 1, 25000),
(3262, 726, 120, 1, 30000),
(3263, 726, 123, 1, 10000),
(3265, 726, 122, 1, 6000),
(3267, 726, 115, 1, 30000),
(3268, 726, 121, 1, 30000),
(3269, 727, 111, 18, 12000),
(3271, 727, 110, 2, 50000),
(3272, 729, 111, 4, 12000),
(3273, 729, 110, 1, 50000),
(3275, 728, 110, 1, 50000),
(3277, 727, 120, 1, 30000),
(3278, 727, 119, 1, 30000),
(3279, 727, 116, 1, 25000),
(3281, 727, 122, 2, 6000),
(3282, 729, 147, 2, 12000),
(3283, 729, 123, 1, 10000),
(3284, 728, 112, 28, 15000),
(3285, 728, 139, 1, 10000),
(3286, 728, 120, 1, 30000),
(3287, 728, 119, 1, 30000),
(3288, 728, 121, 1, 30000),
(3289, 728, 142, 1, 12000),
(3290, 728, 122, 1, 6000),
(3291, 728, 115, 1, 30000),
(3292, 728, 116, 1, 25000),
(3294, 730, 126, 2, 10000),
(3295, 731, 112, 3, 15000),
(3297, 731, 110, 1, 50000),
(3298, 731, 121, 1, 30000),
(3299, 732, 144, 1, 60000),
(3300, 732, 146, 1, 60000),
(3302, 733, 112, 15, 15000),
(3303, 733, 139, 2, 10000),
(3304, 733, 146, 1, 60000),
(3306, 733, 144, 1, 60000),
(3307, 734, 127, 2, 15000),
(3308, 734, 110, 1, 50000),
(3310, 734, 112, 34, 15000),
(3311, 734, 15, 1, 25000),
(3312, 734, 122, 5, 6000),
(3313, 734, 141, 1, 17000),
(3314, 734, 118, 1, 15000),
(3315, 734, 142, 1, 12000),
(3316, 734, 139, 2, 10000),
(3317, 734, 147, 1, 12000),
(3318, 734, 123, 2, 10000),
(3319, 734, 119, 1, 30000),
(3320, 734, 120, 1, 30000),
(3323, 734, 125, 2, 7000),
(3324, 734, 157, 2, 12000),
(3325, 735, 112, 14, 15000),
(3327, 735, 110, 2, 50000),
(3328, 736, 107, 14, 18000),
(3330, 736, 110, 1, 50000),
(3332, 736, 144, 1, 60000),
(3333, 735, 146, 1, 0),
(3334, 736, 146, 1, 0),
(3335, 737, 111, 11, 12000),
(3336, 737, 110, 1, 50000),
(3338, 738, 112, 13, 17000),
(3340, 738, 110, 1, 50000),
(3341, 737, 120, 1, 30000),
(3342, 738, 119, 1, 30000),
(3343, 738, 139, 1, 10000),
(3345, 738, 116, 1, 25000),
(3346, 738, 142, 1, 12000),
(3347, 738, 121, 1, 30000),
(3348, 739, 108, 24, 20000),
(3349, 739, 110, 1, 50000),
(3351, 739, 119, 1, 30000),
(3352, 739, 120, 1, 30000),
(3353, 739, 122, 1, 6000),
(3354, 740, 115, 1, 30000),
(3355, 741, 110, 1, 50000),
(3357, 741, 112, 19, 15000),
(3358, 741, 143, 3, 15000),
(3359, 742, 112, 20, 17000),
(3361, 742, 110, 1, 50000),
(3362, 741, 120, 1, 30000),
(3363, 741, 121, 1, 30000),
(3364, 741, 157, 2, 12000),
(3365, 741, 15, 1, 25000),
(3366, 743, 112, 12, 17000),
(3367, 743, 110, 1, 50000),
(3369, 742, 119, 1, 30000),
(3370, 742, 142, 1, 12000),
(3371, 742, 125, 1, 7000),
(3372, 742, 157, 2, 12000),
(3375, 742, 118, 1, 15000),
(3376, 743, 15, 1, 25000),
(3377, 744, 111, 20, 12000),
(3379, 744, 110, 1, 50000),
(3380, 744, 122, 1, 6000),
(3382, 745, 110, 1, 50000),
(3383, 745, 112, 20, 15000),
(3384, 745, 146, 2, 60000),
(3385, 745, 119, 1, 30000),
(3386, 745, 141, 1, 17000),
(3387, 745, 15, 1, 25000),
(3388, 746, 112, 32, 15000),
(3389, 746, 110, 1, 50000),
(3391, 746, 15, 1, 25000),
(3392, 747, 111, 17, 14000),
(3394, 747, 110, 1, 50000),
(3395, 747, 125, 2, 7000),
(3396, 748, 112, 53, 15000),
(3397, 748, 110, 1, 50000),
(3400, 746, 139, 2, 10000),
(3401, 748, 15, 1, 25000),
(3402, 748, 146, 2, 60000),
(3403, 749, 108, 23, 20000),
(3405, 749, 110, 2, 50000),
(3406, 749, 15, 2, 25000),
(3407, 749, 146, 1, 60000),
(3408, 748, 141, 1, 17000),
(3412, 749, 139, 1, 10000),
(3414, 749, 115, 1, 30000),
(3415, 751, 110, 1, 50000),
(3417, 750, 110, 1, 50000),
(3419, 750, 111, 23, 14000),
(3420, 751, 112, 22, 17000),
(3421, 751, 15, 1, 25000),
(3422, 751, 141, 1, 17000),
(3423, 751, 139, 2, 10000),
(3425, 750, 141, 1, 17000),
(3426, 750, 139, 1, 10000),
(3427, 750, 122, 2, 6000),
(3428, 750, 121, 1, 30000),
(3430, 750, 15, 1, 25000),
(3432, 752, 157, 1, 12000),
(3433, 753, 111, 16, 12000),
(3434, 753, 110, 1, 50000),
(3436, 754, 146, 1, 0),
(3437, 755, 112, 20, 15000),
(3438, 755, 146, 1, 60000),
(3439, 755, 144, 2, 60000),
(3440, 755, 15, 1, 25000),
(3441, 755, 110, 2, 50000),
(3442, 756, 112, 69, 15000),
(3443, 756, 110, 2, 50000),
(3444, 756, 146, 5, 60000),
(3445, 756, 116, 2, 25000),
(3447, 758, 107, 72, 18000),
(3448, 758, 110, 2, 50000),
(3450, 759, 107, 32, 18000),
(3451, 759, 110, 2, 50000),
(3453, 760, 111, 6, 12000),
(3454, 760, 126, 1, 10000),
(3456, 760, 110, 1, 50000),
(3457, 759, 15, 1, 25000),
(3458, 759, 115, 1, 30000),
(3459, 759, 122, 1, 6000),
(3460, 759, 157, 2, 12000),
(3461, 759, 123, 2, 10000),
(3463, 760, 142, 1, 12000),
(3464, 758, 118, 1, 15000),
(3465, 758, 157, 1, 12000),
(3466, 758, 139, 1, 10000),
(3468, 758, 116, 1, 25000),
(3471, 758, 125, 1, 7000),
(3472, 759, 139, 2, 10000),
(3473, 761, 116, 1, 25000),
(3475, 763, 111, 48, 12000),
(3476, 763, 110, 1, 50000),
(3478, 764, 111, 11, 12000),
(3479, 764, 110, 1, 50000),
(3481, 764, 120, 1, 30000),
(3482, 764, 141, 1, 17000),
(3483, 764, 121, 1, 30000),
(3484, 764, 125, 2, 7000),
(3485, 764, 157, 1, 12000),
(3486, 764, 116, 1, 25000),
(3488, 764, 122, 2, 6000),
(3489, 764, 143, 2, 15000),
(3490, 764, 55, 1, 15000),
(3492, 764, 145, 2, 60000),
(3493, 763, 139, 2, 10000),
(3494, 765, 155, 12, 15000),
(3495, 765, 110, 1, 50000),
(3497, 765, 126, 2, 10000),
(3498, 766, 111, 7, 12000),
(3499, 766, 110, 1, 50000),
(3501, 765, 145, 1, 60000),
(3502, 767, 112, 14, 17000),
(3503, 767, 110, 1, 50000),
(3505, 768, 111, 30, 14000),
(3506, 768, 110, 1, 50000),
(3509, 765, 151, 1, 30000),
(3510, 768, 15, 1, 25000),
(3511, 765, 142, 1, 12000),
(3512, 765, 141, 1, 17000),
(3514, 765, 123, 2, 10000),
(3516, 765, 122, 1, 6000),
(3517, 765, 147, 1, 12000),
(3518, 769, 108, 10, 22000),
(3519, 769, 110, 2, 50000),
(3521, 769, 126, 1, 10000),
(3523, 768, 142, 1, 12000),
(3524, 768, 139, 1, 10000),
(3525, 768, 157, 1, 12000),
(3526, 768, 125, 1, 7000),
(3527, 768, 123, 2, 10000),
(3529, 769, 119, 1, 30000),
(3530, 770, 143, 13, 15000),
(3531, 770, 110, 1, 50000),
(3533, 771, 111, 3, 12000),
(3534, 771, 144, 2, 60000),
(3536, 772, 107, 11, 18000),
(3537, 772, 110, 1, 50000),
(3540, 772, 116, 1, 25000),
(3542, 772, 125, 1, 7000),
(3543, 773, 112, 4, 17000),
(3545, 773, 110, 1, 50000),
(3546, 773, 120, 1, 30000),
(3547, 774, 111, 16, 14000),
(3548, 774, 110, 1, 50000),
(3550, 775, 107, 4, 20000),
(3551, 775, 110, 1, 50000),
(3554, 774, 142, 1, 12000),
(3555, 774, 15, 1, 25000),
(3556, 776, 111, 4, 12000),
(3557, 774, 122, 1, 6000),
(3558, 777, 111, 1, 12000),
(3559, 777, 144, 1, 60000),
(3560, 778, 107, 10, 18000),
(3561, 778, 110, 1, 50000),
(3563, 780, 146, 1, 60000),
(3564, 780, 110, 1, 50000),
(3566, 780, 111, 7, 12000),
(3567, 780, 116, 1, 25000),
(3568, 780, 119, 1, 30000),
(3569, 780, 121, 1, 30000),
(3570, 780, 123, 1, 10000),
(3571, 778, 115, 1, 30000),
(3574, 782, 137, 48, 14000),
(3576, 782, 110, 2, 50000),
(3577, 781, 112, 6, 15000),
(3578, 781, 110, 1, 50000),
(3580, 784, 55, 4, 15000),
(3581, 783, 111, 8, 12000),
(3582, 785, 15, 1, 25000),
(3583, 786, 111, 14, 14000),
(3584, 786, 110, 1, 50000),
(3586, 784, 142, 1, 12000),
(3587, 787, 108, 15, 22000),
(3588, 787, 110, 1, 50000),
(3590, 787, 126, 1, 10000),
(3591, 786, 120, 1, 30000),
(3592, 786, 118, 1, 15000),
(3594, 786, 147, 2, 12000),
(3595, 787, 141, 1, 17000),
(3596, 787, 142, 1, 12000),
(3597, 787, 139, 1, 10000),
(3598, 787, 157, 1, 12000),
(3599, 788, 112, 10, 15000),
(3600, 788, 110, 1, 50000),
(3602, 788, 120, 1, 30000),
(3603, 788, 139, 1, 10000),
(3604, 788, 142, 1, 12000),
(3605, 789, 155, 7, 15000),
(3606, 789, 110, 1, 50000),
(3608, 789, 116, 1, 25000),
(3612, 791, 110, 1, 50000),
(3614, 791, 127, 1, 15000),
(3615, 791, 111, 7, 14000),
(3616, 791, 119, 1, 30000),
(3617, 791, 116, 1, 25000),
(3618, 792, 127, 1, 15000),
(3619, 793, 112, 20, 15000),
(3621, 793, 110, 1, 50000),
(3622, 793, 146, 2, 60000),
(3623, 793, 134, 2, 50000),
(3624, 794, 112, 13, 15000),
(3626, 794, 110, 1, 50000),
(3627, 795, 116, 1, 25000),
(3628, 794, 119, 1, 30000),
(3629, 794, 123, 1, 10000),
(3631, 796, 107, 2, 18000),
(3632, 796, 110, 1, 50000),
(3634, 797, 112, 11, 15000),
(3635, 797, 110, 2, 50000),
(3637, 796, 126, 2, 10000),
(3638, 798, 15, 1, 25000),
(3640, 797, 126, 1, 10000),
(3642, 796, 120, 1, 30000),
(3643, 799, 111, 4, 12000),
(3644, 799, 110, 1, 50000),
(3646, 799, 54, 2, 15000),
(3647, 797, 156, 1, 50000),
(3649, 799, 157, 1, 12000),
(3650, 799, 122, 1, 6000),
(3651, 799, 116, 1, 25000),
(3652, 798, 54, 1, 15000),
(3653, 800, 112, 2, 15000),
(3654, 800, 110, 1, 50000),
(3656, 801, 116, 1, 25000),
(3657, 802, 119, 2, 30000),
(3658, 804, 111, 30, 12000),
(3659, 804, 139, 2, 10000),
(3660, 801, 139, 2, 10000),
(3661, 805, 127, 2, 15000),
(3662, 805, 157, 4, 12000),
(3663, 805, 112, 11, 15000),
(3664, 805, 144, 1, 60000),
(3668, 803, 111, 4, 12000),
(3670, 803, 139, 2, 10000),
(3671, 807, 107, 37, 18000),
(3672, 807, 120, 1, 30000),
(3673, 807, 119, 1, 30000),
(3674, 807, 122, 1, 6000),
(3675, 807, 110, 2, 50000),
(3677, 807, 121, 1, 30000),
(3678, 809, 138, 5, 17000),
(3679, 809, 110, 1, 50000),
(3681, 810, 15, 1, 25000),
(3682, 809, 121, 1, 30000),
(3683, 809, 122, 1, 6000),
(3685, 811, 112, 7, 17000),
(3686, 811, 110, 1, 50000),
(3688, 811, 120, 1, 30000),
(3689, 811, 121, 1, 30000),
(3690, 811, 157, 1, 12000),
(3691, 812, 111, 8, 12000),
(3693, 812, 110, 1, 50000),
(3694, 812, 54, 1, 15000),
(3695, 813, 112, 14, 15000),
(3696, 813, 138, 17, 15000),
(3698, 813, 110, 2, 50000),
(3699, 814, 137, 20, 14000),
(3700, 814, 110, 1, 50000),
(3702, 815, 112, 6, 15000),
(3704, 815, 110, 1, 50000),
(3705, 814, 126, 1, 10000),
(3706, 812, 157, 1, 12000),
(3707, 812, 139, 1, 10000),
(3708, 812, 121, 1, 30000),
(3709, 814, 139, 2, 10000),
(3710, 816, 15, 1, 25000),
(3711, 817, 112, 40, 15000),
(3713, 817, 110, 2, 50000),
(3714, 817, 143, 1, 15000),
(3715, 815, 15, 1, 25000),
(3716, 818, 112, 2, 17000),
(3718, 818, 110, 1, 50000),
(3719, 819, 112, 4, 17000),
(3721, 819, 110, 1, 50000),
(3722, 820, 111, 9, 14000),
(3724, 820, 110, 1, 50000),
(3725, 817, 122, 1, 6000),
(3726, 817, 123, 1, 10000),
(3727, 817, 116, 1, 25000),
(3728, 817, 157, 2, 12000),
(3729, 819, 122, 1, 6000),
(3730, 819, 121, 1, 30000),
(3731, 821, 111, 8, 14000),
(3732, 821, 110, 1, 50000),
(3734, 820, 127, 1, 15000),
(3735, 822, 15, 1, 25000),
(3736, 822, 127, 2, 15000),
(3737, 821, 116, 1, 25000),
(3738, 821, 122, 2, 6000),
(3739, 821, 141, 1, 17000),
(3740, 820, 122, 2, 6000),
(3741, 820, 120, 1, 30000),
(3742, 820, 141, 0, 17000),
(3743, 820, 142, 1, 12000),
(3744, 820, 157, 2, 12000),
(3745, 820, 125, 1, 7000),
(3746, 820, 118, 1, 15000),
(3747, 823, 112, 22, 15000),
(3749, 823, 110, 1, 50000),
(3750, 824, 107, 15, 20000),
(3751, 824, 110, 1, 50000),
(3753, 823, 15, 1, 25000),
(3754, 824, 143, 1, 15000),
(3755, 824, 142, 1, 12000),
(3756, 824, 120, 1, 30000),
(3757, 824, 119, 1, 30000),
(3758, 824, 125, 2, 7000),
(3759, 824, 123, 1, 10000),
(3760, 824, 147, 1, 12000),
(3762, 824, 115, 1, 30000),
(3763, 823, 157, 1, 12000),
(3764, 823, 115, 1, 30000),
(3765, 823, 147, 1, 12000),
(3766, 823, 122, 2, 6000),
(3767, 825, 112, 8, 15000),
(3768, 825, 144, 1, 60000),
(3769, 825, 110, 1, 50000),
(3770, 825, 116, 1, 25000),
(3771, 826, 112, 12, 17000),
(3772, 826, 110, 1, 50000),
(3774, 826, 15, 1, 25000),
(3775, 827, 15, 1, 25000),
(3776, 828, 107, 48, 18000),
(3778, 828, 15, 1, 25000),
(3779, 828, 116, 1, 25000),
(3781, 829, 107, 4, 18000),
(3782, 830, 108, 3, 20000),
(3783, 831, 112, 9, 17000),
(3784, 831, 139, 2, 10000),
(3787, 831, 110, 1, 50000),
(3788, 832, 111, 12, 14000),
(3789, 832, 110, 1, 50000),
(3791, 833, 111, 17, 14000),
(3792, 833, 110, 1, 50000),
(3793, 832, 115, 1, 30000),
(3794, 832, 120, 1, 30000),
(3795, 833, 116, 1, 25000),
(3796, 833, 139, 2, 10000),
(3797, 833, 142, 1, 12000),
(3798, 833, 121, 1, 30000),
(3799, 834, 112, 13, 15000),
(3801, 835, 108, 17, 20000),
(3802, 835, 110, 1, 50000),
(3804, 835, 139, 2, 10000),
(3805, 835, 122, 2, 6000),
(3806, 835, 125, 1, 7000),
(3807, 836, 110, 1, 50000),
(3808, 836, 111, 12, 12000),
(3809, 836, 123, 2, 10000),
(3810, 837, 112, 17, 17000),
(3811, 837, 110, 1, 50000),
(3812, 838, 111, 11, 14000),
(3813, 838, 110, 1, 50000),
(3814, 837, 120, 1, 30000),
(3815, 837, 119, 1, 30000),
(3816, 838, 115, 1, 30000),
(3817, 838, 122, 1, 6000),
(3819, 838, 120, 1, 30000),
(3820, 838, 121, 1, 30000),
(3821, 838, 139, 2, 10000),
(3822, 839, 112, 2, 15000),
(3825, 841, 110, 1, 50000),
(3826, 843, 112, 12, 15000),
(3827, 843, 110, 1, 50000),
(3828, 841, 111, 5, 14000),
(3829, 842, 111, 40, 14000),
(3830, 842, 110, 1, 50000),
(3831, 844, 111, 13, 14000),
(3832, 844, 110, 1, 50000),
(3833, 845, 112, 13, 17000),
(3834, 845, 110, 1, 50000),
(3836, 841, 120, 1, 30000),
(3837, 842, 120, 1, 30000),
(3838, 842, 141, 1, 17000),
(3839, 842, 123, 1, 10000),
(3840, 842, 122, 2, 6000),
(3842, 842, 116, 1, 25000),
(3843, 845, 141, 1, 17000),
(3844, 845, 120, 1, 30000),
(3845, 845, 142, 1, 12000),
(3846, 846, 118, 1, 15000),
(3848, 847, 144, 2, 60000),
(3849, 847, 137, 17, 14000),
(3850, 847, 141, 1, 17000),
(3852, 847, 122, 1, 6000),
(3854, 847, 15, 1, 25000),
(3855, 848, 111, 11, 12000),
(3856, 848, 110, 1, 50000),
(3857, 848, 143, 1, 15000),
(3858, 848, 147, 1, 12000),
(3859, 848, 139, 2, 10000),
(3860, 848, 122, 2, 6000),
(3862, 848, 120, 1, 30000),
(3863, 848, 116, 1, 25000),
(3864, 849, 112, 1, 15000),
(3865, 849, 110, 1, 50000),
(3866, 850, 111, 11, 14000),
(3867, 850, 110, 1, 50000),
(3870, 851, 112, 6, 17000),
(3871, 851, 141, 1, 17000),
(3872, 851, 139, 1, 10000),
(3873, 851, 122, 1, 6000),
(3874, 851, 125, 1, 7000),
(3875, 851, 115, 1, 30000),
(3877, 850, 139, 1, 10000),
(3878, 852, 111, 12, 12000),
(3879, 852, 110, 1, 50000),
(3881, 853, 107, 4, 18000),
(3883, 852, 120, 1, 30000),
(3884, 852, 122, 1, 6000),
(3885, 854, 112, 3, 15000),
(3887, 854, 110, 1, 50000),
(3888, 855, 126, 3, 10000),
(3889, 855, 107, 25, 20000),
(3890, 855, 110, 3, 50000),
(3894, 855, 121, 2, 30000),
(3895, 856, 15, 1, 25000),
(3896, 857, 55, 1, 15000),
(3897, 857, 127, 1, 15000),
(3898, 858, 116, 1, 25000),
(3899, 855, 54, 2, 15000),
(3900, 856, 111, 10, 14000),
(3901, 856, 110, 1, 50000),
(3902, 855, 142, 1, 12000),
(3903, 855, 118, 1, 15000),
(3904, 855, 141, 1, 17000),
(3905, 855, 139, 2, 10000),
(3906, 855, 147, 1, 12000),
(3907, 855, 125, 1, 7000),
(3908, 855, 123, 2, 10000),
(3909, 855, 157, 2, 12000),
(3910, 855, 144, 2, 60000),
(3911, 855, 119, 1, 30000),
(3912, 855, 122, 2, 6000),
(3913, 859, 127, 1, 15000),
(3914, 859, 143, 1, 15000),
(3915, 860, 112, 6, 15000),
(3917, 860, 110, 1, 50000),
(3918, 861, 107, 26, 18000),
(3920, 861, 110, 2, 50000),
(3921, 862, 139, 1, 10000),
(3922, 863, 110, 1, 50000),
(3924, 863, 111, 6, 14000),
(3925, 861, 139, 2, 10000),
(3926, 864, 116, 1, 25000),
(3927, 865, 107, 18, 18000),
(3929, 865, 110, 1, 50000),
(3930, 867, 112, 17, 15000),
(3932, 867, 110, 1, 50000),
(3933, 868, 112, 9, 17000),
(3935, 868, 110, 1, 50000),
(3936, 865, 144, 2, 60000),
(3938, 869, 112, 13, 17000),
(3939, 869, 110, 1, 50000),
(3941, 869, 127, 1, 15000),
(3944, 869, 15, 1, 25000),
(3946, 870, 127, 2, 15000),
(3947, 869, 125, 2, 7000),
(3948, 871, 127, 1, 15000),
(3949, 871, 54, 1, 15000),
(3950, 872, 107, 5, 18000),
(3952, 872, 116, 1, 25000),
(3953, 872, 110, 1, 50000),
(3954, 873, 112, 8, 15000),
(3955, 873, 110, 1, 50000),
(3956, 874, 111, 25, 14000),
(3957, 874, 110, 1, 50000),
(3958, 874, 127, 1, 15000),
(3959, 873, 147, 1, 12000),
(3960, 874, 144, 1, 60000),
(3961, 874, 119, 2, 30000),
(3963, 874, 116, 1, 25000),
(3964, 875, 111, 14, 12000),
(3965, 875, 110, 1, 50000),
(3966, 876, 111, 32, 12000),
(3967, 876, 110, 1, 50000),
(3969, 876, 55, 1, 15000),
(3970, 876, 15, 1, 25000),
(3971, 876, 141, 1, 17000),
(3972, 876, 118, 1, 15000),
(3973, 876, 123, 1, 10000),
(3974, 876, 122, 1, 6000),
(3975, 877, 112, 12, 15000),
(3977, 877, 110, 1, 50000),
(3978, 878, 107, 10, 18000),
(3980, 878, 110, 1, 50000),
(3981, 877, 157, 1, 12000),
(3982, 878, 116, 1, 25000),
(3984, 879, 110, 1, 50000),
(3986, 879, 111, 22, 14000),
(3987, 879, 116, 1, 25000),
(3988, 879, 139, 2, 10000),
(3989, 880, 112, 20, 17000),
(3990, 880, 110, 1, 50000),
(3992, 880, 141, 1, 17000),
(3994, 880, 157, 1, 12000),
(3995, 880, 119, 1, 30000),
(3996, 881, 112, 20, 15000),
(3997, 881, 126, 3, 10000),
(3999, 881, 110, 1, 50000),
(4000, 882, 111, 25, 14000),
(4002, 882, 110, 1, 50000),
(4003, 883, 138, 6, 17000),
(4005, 883, 110, 1, 50000),
(4006, 884, 157, 2, 12000),
(4008, 884, 121, 1, 30000),
(4009, 882, 119, 1, 30000),
(4010, 882, 139, 1, 10000),
(4011, 882, 122, 1, 6000),
(4012, 882, 115, 1, 30000),
(4014, 882, 142, 1, 12000),
(4015, 882, 157, 1, 12000),
(4016, 883, 125, 1, 7000),
(4017, 883, 119, 1, 30000),
(4018, 883, 116, 1, 25000),
(4019, 882, 15, 1, 25000),
(4020, 885, 111, 7, 12000),
(4021, 885, 139, 1, 10000),
(4023, 885, 116, 1, 25000),
(4024, 886, 111, 37, 12000),
(4025, 886, 144, 1, 60000),
(4026, 887, 111, 5, 14000),
(4027, 887, 110, 1, 50000),
(4029, 887, 119, 1, 30000),
(4030, 889, 111, 5, 14000),
(4031, 889, 110, 1, 50000),
(4034, 888, 112, 17, 15000),
(4035, 888, 110, 1, 50000),
(4036, 890, 112, 24, 15000),
(4038, 890, 139, 2, 10000),
(4039, 886, 142, 1, 12000),
(4040, 886, 118, 1, 15000),
(4041, 886, 122, 2, 6000),
(4043, 886, 139, 2, 10000),
(4044, 886, 147, 1, 12000),
(4045, 886, 123, 2, 10000),
(4046, 886, 157, 2, 12000),
(4051, 891, 112, 9, 15000),
(4053, 891, 110, 1, 50000),
(4054, 892, 112, 14, 15000),
(4055, 892, 110, 1, 50000),
(4057, 891, 147, 1, 12000),
(4058, 891, 123, 1, 10000),
(4059, 893, 112, 10, 15000),
(4060, 893, 110, 1, 50000),
(4062, 894, 54, 2, 15000),
(4063, 894, 55, 3, 15000),
(4064, 894, 157, 1, 12000),
(4065, 895, 107, 23, 18000),
(4066, 895, 110, 1, 50000),
(4068, 895, 126, 1, 10000),
(4069, 896, 112, 20, 15000),
(4070, 896, 110, 1, 50000),
(4072, 897, 111, 13, 14000),
(4073, 897, 110, 1, 50000),
(4075, 898, 54, 1, 15000),
(4078, 896, 157, 1, 12000),
(4079, 896, 122, 3, 6000),
(4081, 899, 112, 20, 15000),
(4082, 899, 139, 2, 10000),
(4083, 900, 112, 12, 15000),
(4084, 900, 110, 2, 50000),
(4086, 901, 112, 2, 17000),
(4087, 901, 110, 1, 50000),
(4089, 903, 107, 15, 20000),
(4090, 903, 110, 1, 50000),
(4092, 904, 15, 2, 25000),
(4093, 901, 122, 1, 6000),
(4094, 905, 107, 38, 20000),
(4095, 905, 110, 4, 50000),
(4097, 903, 119, 1, 30000),
(4098, 903, 121, 1, 35000),
(4099, 903, 125, 1, 7000),
(4100, 903, 142, 1, 12000),
(4101, 905, 126, 2, 10000),
(4102, 905, 157, 1, 12000),
(4103, 905, 147, 1, 12000),
(4104, 905, 141, 1, 17000),
(4105, 905, 122, 1, 6000),
(4106, 905, 139, 2, 10000),
(4107, 905, 121, 1, 35000),
(4108, 905, 158, 1, 25000),
(4109, 905, 119, 1, 30000),
(4110, 906, 112, 49, 15000),
(4111, 906, 144, 1, 60000),
(4112, 906, 110, 1, 50000),
(4114, 906, 127, 1, 15000),
(4115, 907, 112, 20, 15000),
(4116, 907, 126, 3, 10000),
(4118, 907, 110, 1, 50000),
(4119, 907, 127, 1, 15000),
(4121, 910, 15, 1, 25000),
(4122, 908, 111, 18, 14000),
(4123, 908, 110, 1, 50000),
(4125, 909, 111, 7, 14000),
(4126, 909, 110, 1, 50000),
(4128, 911, 111, 12, 12000),
(4129, 911, 110, 1, 50000),
(4130, 911, 144, 1, 60000),
(4132, 909, 139, 1, 10000),
(4133, 909, 121, 1, 35000),
(4134, 909, 125, 1, 7000),
(4135, 911, 141, 1, 17000),
(4136, 912, 112, 36, 15000),
(4137, 912, 110, 2, 50000),
(4138, 912, 143, 2, 15000),
(4139, 912, 122, 4, 6000),
(4140, 912, 126, 1, 10000),
(4142, 912, 124, 1, 10000),
(4143, 912, 123, 2, 10000),
(4144, 912, 119, 1, 30000),
(4145, 913, 112, 4, 15000),
(4146, 914, 110, 1, 50000),
(4148, 914, 143, 2, 15000),
(4149, 914, 127, 1, 15000),
(4150, 914, 112, 5, 15000),
(4151, 915, 111, 5, 12000),
(4152, 915, 110, 1, 50000),
(4154, 915, 127, 1, 15000),
(4155, 916, 138, 6, 15000),
(4156, 916, 144, 1, 60000),
(4158, 915, 125, 1, 7000),
(4159, 915, 122, 1, 6000),
(4162, 914, 119, 1, 30000),
(4163, 917, 107, 10, 20000),
(4164, 917, 110, 1, 50000),
(4166, 917, 15, 1, 25000),
(4167, 918, 15, 1, 25000),
(4168, 917, 141, 1, 17000),
(4169, 917, 119, 1, 30000),
(4170, 917, 121, 1, 35000),
(4171, 919, 55, 1, 15000),
(4172, 919, 126, 1, 10000),
(4174, 919, 110, 1, 50000),
(4175, 920, 112, 14, 15000),
(4176, 920, 126, 1, 10000),
(4177, 920, 110, 1, 50000),
(4179, 919, 158, 1, 25000),
(4181, 919, 157, 1, 12000),
(4182, 919, 125, 2, 7000),
(4183, 919, 139, 1, 10000),
(4184, 920, 122, 1, 6000),
(4185, 920, 139, 2, 10000),
(4186, 922, 112, 8, 15000),
(4187, 922, 110, 1, 50000),
(4189, 922, 121, 1, 35000),
(4190, 923, 111, 11, 12000),
(4191, 923, 110, 1, 50000),
(4207, 925, 107, 10, 20000),
(4208, 925, 110, 1, 50000),
(4210, 924, 111, 26, 12000),
(4211, 924, 110, 1, 50000),
(4213, 927, 112, 16, 17000),
(4214, 927, 143, 6, 15000),
(4215, 927, 55, 3, 15000),
(4216, 927, 110, 1, 50000),
(4218, 925, 144, 1, 60000),
(4219, 927, 15, 1, 25000),
(4220, 924, 141, 1, 17000),
(4221, 924, 147, 2, 12000),
(4222, 925, 125, 2, 7000),
(4223, 927, 157, 1, 12000),
(4224, 927, 125, 1, 7000),
(4225, 927, 122, 1, 6000),
(4227, 927, 158, 1, 25000),
(4228, 927, 115, 1, 30000),
(4229, 928, 112, 7, 17000),
(4230, 928, 110, 1, 50000),
(4232, 928, 120, 1, 15000),
(4233, 928, 116, 1, 25000),
(4234, 928, 125, 2, 7000),
(4235, 929, 108, 48, 20000),
(4238, 929, 54, 2, 15000),
(4239, 930, 155, 20, 10000),
(4240, 930, 144, 1, 60000),
(4241, 929, 120, 2, 0),
(4242, 931, 155, 20, 10000),
(4243, 931, 144, 1, 60000),
(4244, 932, 112, 8, 15000),
(4246, 932, 110, 1, 50000),
(4247, 933, 110, 1, 50000),
(4250, 934, 110, 1, 50000),
(4252, 934, 111, 15, 14000),
(4253, 932, 157, 1, 12000),
(4255, 935, 110, 1, 50000),
(4257, 935, 112, 10, 17000),
(4258, 933, 107, 12, 18000),
(4259, 934, 122, 1, 6000),
(4262, 936, 110, 1, 50000),
(4263, 936, 112, 4, 17000),
(4265, 935, 125, 1, 7000),
(4267, 935, 120, 1, 15000),
(4268, 935, 116, 1, 25000),
(4269, 935, 118, 1, 15000),
(4270, 935, 157, 1, 12000),
(4271, 936, 116, 1, 25000),
(4273, 936, 122, 2, 6000),
(4274, 937, 107, 16, 18000),
(4275, 937, 110, 1, 50000),
(4277, 938, 127, 1, 15000),
(4278, 937, 121, 1, 35000),
(4279, 937, 147, 1, 12000),
(4280, 937, 118, 1, 15000),
(4281, 937, 116, 1, 25000),
(4282, 937, 115, 1, 30000),
(4284, 939, 112, 20, 15000),
(4286, 939, 110, 1, 50000),
(4287, 940, 111, 20, 12000),
(4289, 940, 110, 2, 50000),
(4290, 941, 111, 12, 12000),
(4292, 941, 118, 1, 15000),
(4293, 941, 110, 1, 50000),
(4295, 941, 147, 1, 12000),
(4296, 942, 107, 2, 18000),
(4298, 942, 110, 1, 50000),
(4300, 943, 112, 4, 17000),
(4302, 943, 110, 1, 50000),
(4303, 940, 157, 1, 12000),
(4304, 940, 122, 1, 6000),
(4306, 944, 111, 2, 12000),
(4309, 944, 122, 1, 6000),
(4310, 944, 139, 1, 10000),
(4311, 945, 143, 1, 15000),
(4312, 946, 137, 3, 16000),
(4314, 947, 111, 20, 12000),
(4315, 947, 110, 1, 50000),
(4317, 947, 54, 1, 15000),
(4319, 949, 110, 1, 50000),
(4321, 949, 112, 19, 15000),
(4322, 950, 107, 17, 18000),
(4324, 950, 110, 1, 50000),
(4325, 950, 145, 1, 0),
(4326, 950, 15, 1, 25000),
(4327, 949, 157, 2, 12000),
(4328, 949, 141, 1, 17000),
(4329, 949, 122, 1, 6000),
(4330, 949, 116, 1, 25000),
(4331, 949, 115, 1, 30000),
(4334, 951, 155, 54, 10000),
(4335, 951, 145, 2, 0),
(4336, 951, 15, 2, 25000),
(4337, 952, 111, 11, 14000),
(4339, 952, 110, 1, 50000),
(4340, 953, 121, 1, 35000),
(4341, 955, 111, 4, 14000),
(4343, 955, 110, 1, 50000),
(4344, 954, 112, 14, 17000),
(4346, 954, 110, 1, 50000),
(4347, 954, 139, 1, 10000),
(4348, 956, 138, 10, 15000),
(4349, 956, 137, 2, 14000),
(4351, 956, 144, 2, 60000),
(4352, 956, 139, 2, 10000),
(4353, 957, 112, 38, 15000),
(4355, 957, 110, 2, 50000),
(4356, 957, 143, 3, 15000),
(4357, 958, 15, 1, 25000),
(4358, 957, 15, 1, 25000),
(4360, 957, 141, 1, 17000),
(4361, 957, 118, 1, 15000),
(4362, 957, 119, 1, 10000),
(4363, 957, 126, 1, 10000),
(4364, 959, 112, 9, 15000),
(4366, 959, 110, 1, 50000),
(4367, 960, 112, 4, 15000),
(4369, 960, 110, 1, 50000),
(4370, 959, 119, 1, 10000),
(4371, 959, 120, 1, 15000),
(4372, 961, 155, 37, 10000),
(4373, 962, 111, 4, 12000),
(4376, 963, 111, 16, 12000),
(4377, 963, 110, 1, 50000),
(4380, 963, 15, 1, 25000),
(4381, 964, 15, 2, 25000),
(4382, 965, 111, 20, 12000),
(4383, 965, 110, 1, 50000),
(4385, 966, 141, 1, 17000),
(4386, 966, 121, 1, 35000),
(4387, 967, 111, 6, 12000),
(4389, 967, 110, 1, 50000),
(4390, 967, 119, 1, 10000),
(4391, 967, 139, 1, 10000),
(4392, 968, 111, 7, 12000),
(4393, 968, 110, 1, 50000),
(4394, 968, 15, 1, 25000),
(4395, 969, 107, 7, 18000),
(4397, 969, 110, 1, 50000),
(4398, 970, 54, 1, 15000),
(4399, 971, 107, 10, 18000),
(4400, 971, 110, 1, 50000),
(4401, 972, 112, 13, 15000),
(4402, 972, 110, 1, 50000),
(4405, 973, 107, 22, 20000),
(4406, 973, 110, 1, 50000),
(4408, 972, 126, 1, 10000),
(4409, 975, 111, 13, 14000),
(4412, 974, 110, 1, 50000),
(4414, 976, 15, 1, 25000),
(4415, 974, 15, 1, 25000),
(4416, 973, 139, 1, 10000),
(4417, 973, 116, 1, 25000),
(4419, 975, 120, 1, 15000),
(4420, 975, 141, 1, 17000),
(4422, 977, 127, 1, 15000),
(4423, 978, 112, 20, 15000),
(4425, 978, 110, 1, 50000),
(4426, 978, 159, 1, 45000),
(4428, 979, 107, 4, 18000),
(4431, 980, 111, 4, 12000),
(4432, 980, 110, 1, 50000),
(4434, 981, 108, 12, 20000),
(4435, 981, 110, 1, 50000),
(4437, 981, 159, 1, 0),
(4438, 978, 122, 1, 6000),
(4439, 978, 118, 1, 15000),
(4440, 979, 123, 1, 10000),
(4441, 979, 122, 1, 6000),
(4442, 982, 137, 13, 14000),
(4443, 982, 110, 1, 50000),
(4445, 978, 15, 1, 25000),
(4446, 983, 111, 13, 12000),
(4447, 983, 119, 1, 10000),
(4449, 982, 121, 1, 35000),
(4450, 982, 139, 1, 10000),
(4451, 983, 144, 1, 60000),
(4452, 982, 142, 1, 12000),
(4453, 984, 114, 0, 16000),
(4454, 984, 142, 0, 12000),
(4455, 984, 139, 1, 10000),
(4456, 984, 112, 14, 15000),
(4457, 984, 155, 0, 15000),
(4458, 984, 137, 0, 14000),
(4459, 985, 112, 8, 15000),
(4461, 985, 110, 1, 50000),
(4462, 985, 55, 1, 15000),
(4463, 985, 118, 1, 15000),
(4464, 985, 122, 1, 6000),
(4465, 985, 120, 1, 15000),
(4466, 985, 121, 1, 35000),
(4467, 985, 158, 1, 25000),
(4468, 985, 119, 1, 10000),
(4469, 986, 111, 12, 12000),
(4471, 986, 110, 1, 50000),
(4472, 986, 157, 0, 12000),
(4473, 987, 111, 1, 12000),
(4474, 987, 159, 1, 45000),
(4475, 988, 122, 2, 6000),
(4477, 989, 107, 15, 16000),
(4478, 989, 110, 1, 50000),
(4480, 990, 110, 1, 50000),
(4481, 990, 107, 16, 16000),
(4482, 991, 143, 1, 15000),
(4483, 991, 110, 0, 50000),
(4486, 990, 139, 1, 10000),
(4487, 990, 159, 0, 45000),
(4488, 992, 107, 12, 18000),
(4489, 992, 110, 1, 50000),
(4491, 993, 53, 2, 15000),
(4492, 993, 110, 1, 50000),
(4494, 992, 15, 1, 25000),
(4495, 994, 54, 1, 15000),
(4496, 994, 143, 4, 15000),
(4497, 995, 112, 4, 15000),
(4498, 995, 110, 1, 50000),
(4500, 996, 111, 12, 12000),
(4501, 996, 110, 1, 50000),
(4503, 996, 119, 0, 10000),
(4504, 996, 118, 1, 15000),
(4505, 996, 157, 1, 12000),
(4506, 996, 139, 1, 10000),
(4507, 997, 116, 1, 25000),
(4508, 998, 121, 1, 35000),
(4509, 999, 111, 20, 12000),
(4510, 999, 110, 1, 50000),
(4512, 1000, 15, 2, 25000),
(4513, 1001, 111, 34, 12000),
(4514, 1002, 111, 20, 14000),
(4515, 1002, 110, 1, 50000),
(4517, 999, 116, 1, 25000),
(4519, 999, 121, 1, 35000),
(4520, 999, 158, 1, 25000),
(4521, 999, 157, 2, 12000),
(4522, 999, 122, 1, 6000),
(4523, 999, 118, 1, 15000),
(4524, 999, 141, 1, 17000),
(4525, 999, 15, 1, 25000),
(4526, 1003, 122, 3, 6000),
(4527, 1003, 139, 2, 10000),
(4528, 1004, 15, 2, 25000),
(4529, 1005, 143, 2, 15000),
(4530, 1005, 110, 1, 50000),
(4532, 1005, 122, 1, 6000),
(4533, 1006, 111, 5, 12000),
(4535, 1006, 110, 1, 50000),
(4536, 1009, 112, 7, 15000),
(4537, 1009, 110, 1, 50000),
(4539, 1009, 120, 1, 15000),
(4540, 1009, 121, 1, 35000),
(4541, 1009, 116, 1, 25000),
(4542, 1010, 107, 15, 18000),
(4543, 1010, 110, 1, 50000),
(4545, 1011, 122, 1, 6000),
(4547, 1011, 110, 1, 50000),
(4549, 1011, 108, 5, 20000),
(4550, 1010, 15, 1, 25000),
(4551, 1010, 122, 1, 6000),
(4552, 1010, 115, 1, 30000),
(4553, 1012, 127, 1, 15000),
(4558, 1014, 144, 1, 60000),
(4559, 1015, 111, 24, 12000),
(4560, 1015, 139, 4, 10000),
(4561, 1015, 127, 1, 15000),
(4562, 1016, 112, 7, 17000),
(4563, 1016, 110, 1, 50000),
(4565, 1016, 15, 1, 25000),
(4567, 1016, 121, 1, 35000),
(4568, 1016, 141, 1, 17000),
(4569, 1017, 111, 7, 12000),
(4570, 1017, 110, 1, 50000),
(4573, 1018, 108, 2, 20000),
(4574, 1018, 144, 1, 60000),
(4583, 1019, 108, 24, 20000),
(4584, 1019, 126, 3, 10000),
(4585, 1019, 159, 1, 45000),
(4587, 1019, 110, 2, 50000),
(4588, 1019, 119, 1, 10000),
(4589, 1019, 157, 1, 12000),
(4590, 1019, 139, 2, 10000),
(4591, 1019, 141, 1, 17000),
(4592, 1019, 122, 2, 6000),
(4593, 1019, 116, 2, 25000),
(4595, 1020, 112, 9, 15000),
(4597, 1020, 110, 1, 50000),
(4598, 1022, 112, 5, 17000),
(4600, 1021, 112, 25, 17000),
(4602, 1021, 110, 1, 50000),
(4603, 1020, 115, 1, 30000),
(4604, 1020, 139, 1, 10000),
(4605, 1021, 143, 2, 15000),
(4606, 1021, 144, 1, 60000),
(4607, 1023, 111, 14, 14000),
(4609, 1023, 144, 2, 60000),
(4610, 1022, 141, 1, 17000),
(4611, 1023, 15, 1, 25000),
(4612, 1023, 122, 1, 6000),
(4614, 1023, 119, 1, 10000),
(4615, 1023, 121, 1, 35000),
(4616, 1024, 111, 11, 12000),
(4619, 1025, 111, 6, 12000),
(4620, 1025, 54, 2, 15000),
(4621, 1025, 139, 1, 10000),
(4622, 1024, 139, 1, 10000),
(4623, 1024, 116, 1, 25000),
(4624, 1024, 158, 1, 25000),
(4625, 1026, 111, 16, 12000),
(4627, 1026, 110, 1, 50000),
(4628, 1027, 107, 30, 18000),
(4630, 1027, 110, 2, 50000),
(4631, 1027, 144, 1, 60000),
(4632, 1027, 126, 1, 10000),
(4633, 1027, 118, 3, 15000),
(4634, 1026, 158, 1, 25000),
(4636, 1026, 116, 1, 25000),
(4637, 1027, 147, 1, 12000),
(4638, 1027, 139, 1, 10000),
(4639, 1027, 120, 1, 15000),
(4641, 1027, 115, 1, 30000),
(4642, 1027, 116, 1, 25000),
(4643, 1028, 112, 8, 17000),
(4645, 1028, 110, 1, 50000),
(4646, 1030, 111, 6, 14000),
(4648, 1030, 110, 3, 50000),
(4649, 1030, 54, 6, 15000),
(4650, 1029, 112, 13, 17000),
(4653, 1029, 144, 2, 60000),
(4654, 1029, 110, 2, 50000),
(4655, 1029, 122, 2, 6000),
(4656, 1028, 122, 1, 6000),
(4657, 1028, 118, 1, 15000),
(4658, 1029, 119, 1, 10000),
(4659, 1029, 120, 1, 15000),
(4660, 1029, 121, 1, 35000),
(4661, 1029, 158, 1, 25000),
(4662, 1029, 55, 1, 15000),
(4663, 1029, 126, 1, 10000),
(4664, 1031, 112, 60, 15000),
(4666, 1031, 110, 1, 50000),
(4667, 1031, 15, 1, 25000),
(4668, 1031, 157, 2, 12000),
(4669, 1031, 122, 2, 6000),
(4671, 1031, 139, 2, 10000),
(4672, 1032, 110, 1, 50000),
(4673, 1034, 111, 3, 12000),
(4675, 1034, 110, 1, 50000),
(4676, 1034, 112, 3, 15000),
(4677, 1035, 107, 14, 18000),
(4679, 1035, 110, 1, 50000),
(4681, 1034, 115, 1, 30000),
(4682, 1035, 122, 1, 6000),
(4683, 1036, 111, 12, 12000),
(4685, 1036, 144, 1, 60000),
(4686, 1037, 155, 24, 15000),
(4687, 1038, 120, 1, 15000),
(4688, 1038, 142, 1, 12000),
(4689, 1038, 123, 1, 10000),
(4690, 1036, 122, 2, 6000),
(4691, 1036, 157, 1, 12000),
(4692, 1036, 116, 1, 25000),
(4693, 1039, 15, 1, 25000),
(4694, 1040, 107, 22, 18000),
(4696, 1040, 110, 1, 50000),
(4697, 1041, 155, 7, 10000),
(4698, 1040, 122, 1, 6000),
(4699, 1040, 141, 1, 17000),
(4700, 1040, 157, 1, 12000),
(4701, 1040, 116, 1, 25000),
(4702, 1042, 112, 12, 15000),
(4703, 1042, 110, 1, 50000),
(4704, 1042, 162, 5, 2000),
(4707, 1042, 122, 1, 6000),
(4708, 1042, 157, 1, 12000),
(4709, 1042, 139, 2, 10000),
(4710, 1045, 112, 2, 17000),
(4711, 1045, 110, 1, 50000),
(4713, 1043, 112, 7, 17000),
(4714, 1043, 162, 2, 2000),
(4715, 1043, 110, 1, 50000),
(4716, 1044, 111, 7, 14000),
(4717, 1044, 162, 1, 2000),
(4718, 1044, 110, 1, 50000),
(4719, 1044, 157, 1, 12000),
(4720, 1044, 116, 1, 25000),
(4721, 1043, 158, 1, 25000),
(4722, 1043, 122, 1, 6000),
(4723, 1043, 120, 1, 15000),
(4724, 1043, 115, 1, 30000),
(4725, 1045, 157, 1, 12000),
(4726, 1046, 111, 13, 12000),
(4727, 1046, 110, 1, 50000),
(4729, 1046, 15, 1, 25000),
(4730, 1047, 111, 16, 12000),
(4731, 1047, 110, 3, 50000),
(4732, 1047, 162, 15, 2000),
(4733, 1048, 111, 5, 12000),
(4734, 1048, 110, 1, 50000),
(4735, 1048, 162, 1, 2000),
(4736, 1048, 122, 2, 6000),
(4737, 1049, 15, 2, 25000),
(4738, 1049, 163, 2, 4000),
(4739, 1050, 112, 15, 15000),
(4740, 1050, 110, 1, 50000),
(4741, 1050, 162, 4, 2000),
(4742, 1050, 139, 2, 10000),
(4743, 1050, 122, 2, 6000),
(4744, 1051, 112, 7, 17000),
(4745, 1051, 110, 1, 50000),
(4747, 1052, 116, 1, 25000),
(4748, 1053, 108, 8, 20000),
(4749, 1053, 110, 1, 50000),
(4750, 1053, 162, 4, 2000),
(4751, 1053, 127, 1, 15000),
(4752, 1053, 120, 1, 15000),
(4753, 1053, 122, 1, 6000),
(4754, 1054, 111, 15, 12000),
(4755, 1054, 110, 1, 50000),
(4757, 1055, 155, 13, 10000),
(4758, 1054, 120, 1, 15000),
(4759, 1054, 121, 1, 35000),
(4760, 1054, 116, 1, 25000),
(4761, 1054, 163, 1, 4000),
(4762, 1056, 108, 10, 20000),
(4763, 1056, 144, 1, 60000),
(4764, 1057, 112, 12, 15000),
(4765, 1058, 111, 2, 12000),
(4766, 1058, 110, 1, 50000),
(4767, 1058, 162, 2, 2000),
(4768, 1059, 112, 10, 15000),
(4769, 1059, 110, 1, 50000),
(4770, 1059, 162, 6, 2000),
(4771, 1059, 115, 1, 30000),
(4772, 1059, 139, 1, 10000),
(4773, 1059, 120, 1, 15000),
(4774, 1060, 112, 1, 15000),
(4775, 1061, 112, 19, 15000),
(4776, 1061, 110, 2, 50000),
(4778, 1061, 139, 1, 10000),
(4779, 1061, 126, 1, 10000),
(4780, 1062, 112, 8, 15000),
(4781, 1062, 144, 2, 60000),
(4782, 1062, 162, 1, 2000),
(4783, 1063, 110, 1, 50000),
(4784, 1063, 162, 2, 2000),
(4785, 1063, 112, 20, 15000),
(4786, 1065, 110, 2, 50000),
(4787, 1065, 162, 6, 2000),
(4788, 1065, 107, 28, 20000),
(4789, 1066, 107, 1, 20000),
(4790, 1066, 110, 1, 50000),
(4791, 1066, 162, 1, 2000),
(4793, 1066, 118, 1, 15000),
(4794, 1068, 107, 24, 20000),
(4795, 1068, 110, 1, 50000),
(4796, 1068, 162, 10, 2000),
(4797, 1067, 111, 30, 14000),
(4798, 1068, 118, 1, 15000),
(4799, 1068, 164, 1, 30000),
(4802, 1068, 123, 1, 10000),
(4803, 1068, 157, 2, 12000),
(4804, 1068, 119, 1, 10000),
(4805, 1068, 120, 1, 15000),
(4806, 1068, 121, 1, 35000),
(4807, 1068, 116, 1, 25000),
(4808, 1068, 15, 1, 25000),
(4809, 1068, 163, 1, 4000),
(4810, 1067, 139, 2, 10000),
(4811, 1067, 144, 1, 60000),
(4812, 1067, 141, 1, 17000),
(4813, 1067, 164, 1, 30000),
(4814, 1069, 111, 37, 12000),
(4815, 1069, 110, 2, 50000),
(4816, 1069, 162, 8, 2000),
(4817, 1069, 159, 1, 45000),
(4818, 1069, 164, 1, 30000),
(4819, 1070, 112, 20, 15000),
(4821, 1070, 162, 10, 2000),
(4822, 1070, 159, 0, 45000),
(4823, 1070, 144, 0, 60000),
(4824, 1071, 144, 1, 60000),
(4825, 1071, 162, 2, 2000),
(4826, 1071, 139, 1, 10000),
(4827, 1072, 111, 6, 12000),
(4828, 1072, 110, 1, 50000),
(4830, 1073, 111, 20, 14000),
(4831, 1073, 110, 1, 50000),
(4832, 1073, 162, 7, 2000),
(4833, 1073, 121, 1, 35000),
(4834, 1073, 143, 2, 15000),
(4835, 1074, 112, 6, 15000),
(4837, 1075, 112, 15, 15000),
(4838, 1075, 110, 1, 50000),
(4839, 1075, 162, 3, 2000),
(4840, 1075, 115, 1, 30000),
(4841, 1075, 141, 1, 17000),
(4842, 1075, 121, 1, 35000),
(4843, 1074, 164, 1, 30000),
(4844, 1076, 112, 18, 15000),
(4845, 1076, 110, 2, 50000),
(4846, 1076, 162, 4, 2000),
(4847, 1076, 15, 1, 25000),
(4848, 1076, 121, 1, 35000),
(4849, 1078, 126, 1, 10000),
(4850, 1079, 107, 31, 20000),
(4851, 1079, 110, 2, 50000),
(4852, 1079, 162, 10, 2000),
(4853, 1079, 164, 3, 30000),
(4854, 1079, 122, 2, 6000),
(4855, 1079, 142, 1, 12000),
(4856, 1079, 118, 1, 15000),
(4857, 1079, 141, 1, 17000),
(4858, 1079, 139, 2, 10000),
(4859, 1079, 147, 2, 12000),
(4861, 1079, 123, 2, 10000),
(4863, 1079, 157, 2, 12000),
(4864, 1079, 119, 1, 10000),
(4866, 1079, 120, 1, 15000),
(4867, 1079, 160, 1, 25000),
(4868, 1079, 121, 1, 35000),
(4869, 1079, 161, 1, 5000),
(4870, 1079, 115, 1, 30000),
(4871, 1079, 163, 1, 4000),
(4872, 1080, 107, 24, 18000),
(4873, 1080, 126, 2, 10000),
(4875, 1080, 157, 1, 12000),
(4876, 1080, 122, 2, 6000),
(4877, 1080, 120, 1, 15000),
(4878, 1080, 160, 1, 25000),
(4879, 1080, 121, 1, 35000),
(4880, 1082, 112, 17, 15000),
(4881, 1082, 110, 1, 50000),
(4882, 1082, 162, 6, 2000),
(4883, 1082, 116, 1, 25000),
(4884, 1082, 139, 1, 10000),
(4885, 1082, 163, 1, 4000),
(4886, 1082, 115, 1, 30000),
(4887, 1082, 121, 1, 35000),
(4888, 1082, 164, 1, 30000);

-- --------------------------------------------------------

--
-- Structure de la table `k3d_store`
--

CREATE TABLE IF NOT EXISTS `k3d_store` (
  `id` int(11) NOT NULL AUTO_INCREMENT,
  `name` varchar(50) COLLATE utf8_unicode_ci NOT NULL,
  `note` varchar(125) COLLATE utf8_unicode_ci NOT NULL,
  PRIMARY KEY (`id`)
) ENGINE=InnoDB  DEFAULT CHARSET=utf8 COLLATE=utf8_unicode_ci AUTO_INCREMENT=2 ;

--
-- Contenu de la table `k3d_store`
--

INSERT INTO `k3d_store` (`id`, `name`, `note`) VALUES
(1, 'Kho nhà', 'Ghi chú gì đây ?');

-- --------------------------------------------------------

--
-- Structure de la table `k3d_supplier`
--

CREATE TABLE IF NOT EXISTS `k3d_supplier` (
  `id` int(9) NOT NULL AUTO_INCREMENT,
  `name` varchar(100) COLLATE utf8_unicode_ci NOT NULL,
  `phone` varchar(15) COLLATE utf8_unicode_ci NOT NULL,
  `address` varchar(200) COLLATE utf8_unicode_ci NOT NULL,
  `note` varchar(100) COLLATE utf8_unicode_ci NOT NULL,
  `debt` bigint(20) NOT NULL,
  PRIMARY KEY (`id`)
) ENGINE=InnoDB  DEFAULT CHARSET=utf8 COLLATE=utf8_unicode_ci AUTO_INCREMENT=18 ;

--
-- Contenu de la table `k3d_supplier`
--

INSERT INTO `k3d_supplier` (`id`, `name`, `phone`, `address`, `note`, `debt`) VALUES
(1, 'ĐL Nước Đá', '0703456456', 'Trí Phường 4', 'Cung cấp nước đá', 0),
(6, 'Coop Mart', 'chưa cập nhật', 'Vĩnh Long', '', 0),
(8, 'Nhà PP Đoan Trang', '0703 822 227', '64/6N Trần Phú P4 TP Vĩnh Long', '', 0),
(9, 'KHÁC', '', '', '', 0),
(11, 'CH Tuấn', '0902 612 434', 'P4, TPVL', 'Cung cấp thực phẩm khô đóng gói', 0),
(12, 'Vựa Trái Cây', '', '', '', 0),
(13, 'Cty Du Lịch Cửu Long', '0703828042', 'Vĩnh Long', '', 0),
(14, 'CH Thanh Sơn', '0703 823 842', 'Vĩnh Long', 'Cung cấp khăn lạnh', 0),
(15, 'Bia SAGOTA', '', '', '', 0),
(16, 'TIỀN CHỢ', '', '', '', 0),
(17, 'TẠP HÓA 01', '', '', '', 0);

-- --------------------------------------------------------

--
-- Structure de la table `k3d_table`
--

CREATE TABLE IF NOT EXISTS `k3d_table` (
  `id` int(11) NOT NULL AUTO_INCREMENT,
  `iddomain` int(11) NOT NULL,
  `name` varchar(200) COLLATE utf8_unicode_ci NOT NULL,
  `iduser` int(11) DEFAULT NULL,
  `type` varchar(200) COLLATE utf8_unicode_ci DEFAULT NULL,
  PRIMARY KEY (`id`),
  KEY `iddomain` (`iddomain`)
) ENGINE=InnoDB  DEFAULT CHARSET=utf8 COLLATE=utf8_unicode_ci AUTO_INCREMENT=28 ;

--
-- Contenu de la table `k3d_table`
--

INSERT INTO `k3d_table` (`id`, `iddomain`, `name`, `iduser`, `type`) VALUES
(1, 1, 'Phòng 01', 0, '0'),
(2, 1, 'Phòng 02', 0, '0'),
(3, 1, 'Phòng 03', 0, '0'),
(4, 1, 'Phòng 04', 0, '0'),
(14, 2, 'Phòng 07', 0, '0'),
(15, 2, 'Phòng 08', 0, '0'),
(16, 2, 'Phòng 09', 0, '0'),
(17, 2, 'Phòng 10', 0, '0'),
(26, 3, 'Phòng 05', 0, '1'),
(27, 3, 'Phòng 06', 0, '1');

-- --------------------------------------------------------

--
-- Structure de la table `k3d_term`
--

CREATE TABLE IF NOT EXISTS `k3d_term` (
  `id` int(11) NOT NULL AUTO_INCREMENT,
  `name` varchar(200) COLLATE utf8_unicode_ci NOT NULL,
  `type` int(11) NOT NULL,
  PRIMARY KEY (`id`)
) ENGINE=InnoDB  DEFAULT CHARSET=utf8 COLLATE=utf8_unicode_ci AUTO_INCREMENT=12 ;

--
-- Contenu de la table `k3d_term`
--

INSERT INTO `k3d_term` (`id`, `name`, `type`) VALUES
(1, 'Tiền Điện', 0),
(2, 'Tiền Nước', 0),
(3, 'Thuế', 0),
(10, 'Tiền Ăn Nhân Viên', 0),
(11, 'CP Khác', 0);

-- --------------------------------------------------------

--
-- Structure de la table `k3d_term_collect`
--

CREATE TABLE IF NOT EXISTS `k3d_term_collect` (
  `id` int(11) NOT NULL AUTO_INCREMENT,
  `name` varchar(200) COLLATE utf8_unicode_ci NOT NULL,
  PRIMARY KEY (`id`)
) ENGINE=InnoDB  DEFAULT CHARSET=utf8 COLLATE=utf8_unicode_ci AUTO_INCREMENT=4 ;

--
-- Contenu de la table `k3d_term_collect`
--

INSERT INTO `k3d_term_collect` (`id`, `name`) VALUES
(2, 'Phụ Phẩm'),
(3, 'Đặc Biệt');

-- --------------------------------------------------------

--
-- Structure de la table `k3d_tracking`
--

CREATE TABLE IF NOT EXISTS `k3d_tracking` (
  `id` int(11) NOT NULL AUTO_INCREMENT,
  `date_start` date NOT NULL,
  `date_end` date NOT NULL,
  `estate_rate` int(11) NOT NULL,
  PRIMARY KEY (`id`)
) ENGINE=InnoDB  DEFAULT CHARSET=utf8 COLLATE=utf8_unicode_ci AUTO_INCREMENT=12 ;

--
-- Contenu de la table `k3d_tracking`
--

INSERT INTO `k3d_tracking` (`id`, `date_start`, `date_end`, `estate_rate`) VALUES
(2, '2013-02-01', '2013-02-28', 0),
(3, '2013-03-01', '2013-03-31', 0),
(4, '2013-04-01', '2013-04-30', 0),
(5, '2013-05-01', '2013-05-31', 0),
(6, '2013-06-01', '2013-06-30', 0),
(7, '2013-07-01', '2013-07-31', 0),
(8, '2013-08-01', '2013-08-31', 0),
(9, '2013-09-01', '2013-09-30', 0),
(10, '2013-10-01', '2013-10-31', 0),
(11, '2013-01-01', '2013-12-31', 0);

-- --------------------------------------------------------

--
-- Structure de la table `k3d_tracking_store`
--

CREATE TABLE IF NOT EXISTS `k3d_tracking_store` (
  `id` int(11) NOT NULL AUTO_INCREMENT,
  `id_tracking` int(11) NOT NULL,
  `id_resource` int(11) NOT NULL,
  `count_old` float NOT NULL,
  `count_import` float NOT NULL,
  `count_export` float NOT NULL,
  `price` int(11) NOT NULL,
  PRIMARY KEY (`id`)
) ENGINE=InnoDB  DEFAULT CHARSET=utf8 COLLATE=utf8_unicode_ci AUTO_INCREMENT=1510 ;

--
-- Contenu de la table `k3d_tracking_store`
--

INSERT INTO `k3d_tracking_store` (`id`, `id_tracking`, `id_resource`, `count_old`, `count_import`, `count_export`, `price`) VALUES
(740, 4, 45, 1.76, 0, 0.44, 0),
(741, 4, 46, 1.6, 0, 0.58, 0),
(742, 4, 17, 118, 0, 0, 0),
(743, 4, 27, 4, 35, 31, 17875),
(744, 4, 28, 46, 60, 7.5, 2500),
(745, 4, 29, 58, 0, 19, 0),
(746, 4, 30, 50, 10, 27, 16800),
(747, 4, 31, 50, 10, 29, 17700),
(748, 4, 32, 260, 0, 31, 0),
(749, 4, 78, 0, 0, 44, 0),
(750, 4, 2, 0, 42, 36.2944, 16000),
(751, 4, 14, 0, 0, 0, 0),
(752, 4, 35, 754, 0, 17, 0),
(753, 4, 36, 0, 0, 13, 0),
(754, 4, 39, 12.1, 30, 2.8, 16600),
(755, 4, 40, 6.6, 10, 1.4, 23500),
(756, 4, 43, 0, 0, 0.18, 0),
(757, 4, 44, 0, 150, 69, 3000),
(758, 4, 58, 8, 1, 16, 0),
(759, 4, 59, 8, 52, 10, 27147),
(760, 4, 61, 0, 14, 14.82, 27200),
(761, 4, 65, 0.4, 0, 0, 0),
(762, 4, 66, 0, 0, 0, 0),
(763, 4, 67, 0, 0, 0, 0),
(764, 4, 68, 0, 0, 0, 0),
(765, 4, 76, 0, 0, 0, 0),
(766, 4, 77, 0, 0, 0, 0),
(767, 4, 19, 5.1, 34, 27.5, 313000),
(768, 4, 20, 7.3, 10, 9.25, 362000),
(769, 4, 21, 38.5, 25, 52.75, 132000),
(770, 4, 22, 8.4, 20, 15.55, 178000),
(771, 4, 23, 6.5, 0, 0, 0),
(772, 4, 24, 3.5, 0, 0.5, 0),
(773, 4, 25, 9.5, 0, 2.375, 0),
(774, 4, 26, 7.7, 0, 0.833333, 0),
(775, 4, 60, 0.9, 0, 0.708333, 0),
(776, 4, 62, 1, 5, 0.125, 280000),
(777, 4, 63, 0.7, 1, 1.125, 258000),
(778, 4, 64, 1, 0, 0.375, 0),
(779, 4, 69, 0, 0, 0, 0),
(780, 4, 70, 0, 0, 0.166667, 0),
(781, 4, 71, 0, 0, 0, 0),
(782, 4, 72, 0, 0, 0.0833333, 0),
(783, 4, 73, 0, 0, 0, 0),
(784, 4, 74, 0, 0, 0, 0),
(785, 4, 75, 0, 0, 0, 0),
(786, 4, 47, 0, 50, 35.5, 9917),
(787, 4, 48, 0, 13, 0, 7650),
(788, 4, 49, 0, 0, 0, 0),
(789, 4, 50, 0, 4, 0, 16250),
(790, 4, 51, 0, 0, 0, 0),
(791, 4, 52, 0, 5, 0, 22000),
(792, 4, 53, 2, 35, 0, 12260),
(793, 4, 54, 0, 37, 35.5, 11525),
(794, 4, 55, 0, 15, 28.4, 11854),
(795, 4, 56, 0, 4, 0, 6500),
(796, 4, 57, 0, 0, 0, 0),
(797, 4, 79, 0, 0, 17.75, 0),
(798, 5, 45, 1.32, 0, 0.32, 0),
(799, 5, 46, 1.02, 1, 0.46, 350000),
(800, 5, 17, 118, 0, 0, 0),
(801, 5, 27, 8, 30, 32, 17500),
(802, 5, 28, 118.5, 60, 5.4, 2500),
(803, 5, 29, 39, 10, 13, 10500),
(804, 5, 30, 33, 20, 21, 17650),
(805, 5, 31, 31, 20, 26, 20000),
(806, 5, 32, 229, 0, 19, 0),
(807, 5, 78, -44, 0, 14, 0),
(808, 5, 2, 10.7056, 56, 33.7083, 16000),
(809, 5, 14, 0, 0, 0, 0),
(810, 5, 35, 737, 0, 8, 0),
(811, 5, 36, -13, 0, 10, 0),
(812, 5, 39, 39.3, 30, 2, 17100),
(813, 5, 40, 15.2, 20, 0.9, 23000),
(814, 5, 43, -0.18, 40, 0.72, 1700),
(815, 5, 44, 81, 48, 71, 3000),
(816, 5, 58, -7, 0, 0, 0),
(817, 5, 59, 50, 0, 16, 0),
(818, 5, 61, -0.82, 13, 14.2, 32167),
(819, 5, 65, 0.4, 24, 0.2, 107133),
(820, 5, 66, 0, 0, 0, 0),
(821, 5, 67, 0, 0, 0, 0),
(822, 5, 68, 0, 0, 0, 0),
(823, 5, 76, 0, 0, 15, 0),
(824, 5, 77, 0, 0, 1.1, 0),
(825, 5, 19, 11.6, 18, 20.9583, 313000),
(826, 5, 20, 8.05, 7, 8.125, 361000),
(827, 5, 21, 10.75, 43, 43.35, 132000),
(828, 5, 22, 12.85, 22, 26.15, 178000),
(829, 5, 23, 6.5, 0, 0, 0),
(830, 5, 24, 3, 0, 0.541667, 0),
(831, 5, 25, 7.125, 0, 0, 0),
(832, 5, 26, 6.86667, 0, 2, 0),
(833, 5, 60, 0.191667, 1, 0.541667, 173000),
(834, 5, 62, 5.875, 0, 0, 0),
(835, 5, 63, 0.575, 1, 1.33333, 86000),
(836, 5, 64, 0.625, 0, 0.166667, 0),
(837, 5, 69, 0, 0, 0, 0),
(838, 5, 70, -0.166667, 0, 0, 0),
(839, 5, 71, 0, 0, 0, 0),
(840, 5, 72, -0.0833333, 1, 0.583333, 148000),
(841, 5, 73, 0, 0, 0.0416667, 0),
(842, 5, 74, 0, 1, 0.0416667, 185000),
(843, 5, 75, 0, 0, 0, 0),
(844, 5, 47, 14.5, 27, 34.75, 8750),
(845, 5, 48, 13, 0, 0, 0),
(846, 5, 49, 0, 0, 0, 0),
(847, 5, 50, 4, 0, 0, 0),
(848, 5, 51, 0, 0, 0, 0),
(849, 5, 52, 5, 6.5, 0, 14700),
(850, 5, 53, 41, 19, 0, 11500),
(851, 5, 54, 6.5, 51, 34.75, 7986),
(852, 5, 55, -11.4, 6, 27.8, 11333),
(853, 5, 56, 4, 0, 0, 0),
(854, 5, 57, 0, 0, 0, 0),
(855, 5, 79, -17.75, 0, 17.375, 0),
(914, 6, 45, 1, 0, 0.26, 0),
(915, 6, 46, 1.56, 0, 0.2, 0),
(916, 6, 17, 118, 0, 0, 0),
(917, 6, 27, 6, 10, 13, 17500),
(918, 6, 28, 153.1, 3, 4.1, 50000),
(919, 6, 29, 56, 20, 11, 10900),
(920, 6, 30, 62, 30, 11, 16800),
(921, 6, 31, 45, 20, 10, 20800),
(922, 6, 32, 210, 0, 21, 0),
(923, 6, 78, -58, 0, 0, 0),
(924, 6, 2, 27.9972, 36, 21, 16000),
(925, 6, 14, 0, 0, 0, 0),
(926, 6, 35, 729, 0, 7, 0),
(927, 6, 36, -23, 0, 2, 0),
(928, 6, 39, 67.3, 0, 1.4, 0),
(929, 6, 40, 34.3, 0, 0.8, 0),
(930, 6, 43, 39.1, 0, 0.38, 0),
(931, 6, 44, 58, 69, 48, 3000),
(932, 6, 58, -7, 0, 8, 0),
(933, 6, 59, 34, 0, 8, 0),
(934, 6, 61, 1.98, 4, 6.42, 26900),
(935, 6, 65, 24.2, 0, 1.3, 0),
(936, 6, 66, 0, 0, 0, 0),
(937, 6, 67, 0, 0, 0, 0),
(938, 6, 68, 0, 0, 0, 0),
(939, 6, 76, -15, 0, 4, 0),
(940, 6, 77, -1.1, 0, 0.45, 0),
(941, 6, 19, 8.64167, 4, 10, 313000),
(942, 6, 20, 6.925, 4, 4.54167, 361000),
(943, 6, 21, 10.4, 29, 26.2, 132000),
(944, 6, 22, 8.7, 14, 19.05, 180000),
(945, 6, 23, 6.5, 0, 1.70833, 0),
(946, 6, 24, 2.45833, 0, 0.208333, 0),
(947, 6, 25, 7.125, 0, 0.291667, 0),
(948, 6, 26, 4.86667, 0, 1, 0),
(949, 6, 60, 0.65, 0, 0.416667, 0),
(950, 6, 62, 5.875, 0, 0, 0),
(951, 6, 63, 0.241667, 0, 0.75, 0),
(952, 6, 64, 0.458333, 0, 0.208333, 0),
(953, 6, 69, 0, 0, 0, 0),
(954, 6, 70, -0.166667, 0, 0, 0),
(955, 6, 71, 0, 0, 0, 0),
(956, 6, 72, 0.333333, 0, 0.416667, 0),
(957, 6, 73, -0.0416667, 0, 0, 0),
(958, 6, 74, 0.958333, 0, 0, 0),
(959, 6, 75, 0, 0, 0, 0),
(960, 6, 47, 6.75, 19.6, 20.2, 12750),
(961, 6, 48, 13, 0, 0, 0),
(962, 6, 49, 0, 4.6, 0, 15000),
(963, 6, 50, 4, 11, 0, 13429),
(964, 6, 51, 0, 0, 0, 0),
(965, 6, 52, 11.5, 0, 0, 0),
(966, 6, 53, 54, 0, 0, 0),
(967, 6, 54, 19.75, 20.8, 20, 13000),
(968, 6, 55, -33.2, 2, 16, 12000),
(969, 6, 56, 4, 0, 0, 0),
(970, 6, 57, 0, 0, 0, 0),
(971, 6, 79, -31.125, 33.85, 10, 6200),
(1204, 7, 45, 0.74, 0.4, 0.26, 375000),
(1205, 7, 46, 1.36, 0, 0.4, 0),
(1206, 7, 17, 118, 0, 0, 0),
(1207, 7, 27, 3, 20, 21, 16800),
(1208, 7, 28, 152, 1, 4.3, 49000),
(1209, 7, 29, 45, 1, 15, 12000),
(1210, 7, 30, 51, 0, 20, 0),
(1211, 7, 31, 35, 0, 19, 0),
(1212, 7, 32, 189, 0, 21, 0),
(1213, 7, 78, -58, 0, 0, 0),
(1214, 7, 2, 42.9972, 32, 26.0333, 16000),
(1215, 7, 14, 0, 0, 0, 0),
(1216, 7, 35, 722, 0, 0, 0),
(1217, 7, 36, -25, 0, 16, 0),
(1218, 7, 39, 65.9, 2, 2.9, 169000),
(1219, 7, 40, 33.5, 1, 1, 225000),
(1220, 7, 43, 38.72, 0, 0.52, 0),
(1221, 7, 44, 79, 0, 46, 0),
(1222, 7, 58, -15, 0, 7, 0),
(1223, 7, 59, 26, 10, 5, 27500),
(1224, 7, 61, -4.44, 10, 8.66, 26900),
(1225, 7, 65, 22.9, 1, 2.5, 155000),
(1226, 7, 66, 0, 0, 0, 0),
(1227, 7, 67, 0, 0, 0, 0),
(1228, 7, 68, 0, 0, 0, 0),
(1229, 7, 76, -19, 0, 12, 0),
(1230, 7, 77, -1.55, 0, 0.6, 0),
(1231, 7, 19, 2.64167, 5, 5.95833, 314000),
(1232, 7, 20, 6.38333, 4, 5.45833, 360000),
(1233, 7, 21, 13.2, 20, 24.2, 132000),
(1234, 7, 22, 13.65, 40, 39.4, 180000),
(1235, 7, 23, 4.79167, 0, 2.41667, 0),
(1236, 7, 24, 2.25, 0, 0, 0),
(1237, 7, 25, 6.83333, 0, 0.666667, 0),
(1238, 7, 26, 3.86667, 0, 0, 0),
(1239, 7, 60, 0.233333, 1, 0.375, 177600),
(1240, 7, 62, 5.875, 0, 0, 0),
(1241, 7, 63, -0.508333, 0, 0.291667, 0),
(1242, 7, 64, 0.25, 1, 0.416667, 124800),
(1243, 7, 69, 0, 0, 0, 0),
(1244, 7, 70, -0.166667, 0, 0.0833333, 0),
(1245, 7, 71, 0, 0, 0, 0),
(1246, 7, 72, -0.0833333, 1, 0.458333, 148000),
(1247, 7, 73, -0.0416667, 0, 0, 0),
(1248, 7, 74, 0.958333, 0, 0.208333, 0),
(1249, 7, 75, 0, 0, 0, 0),
(1250, 7, 47, 6.15, 8.2, 27.75, 12667),
(1251, 7, 48, 13, 0, 0, 0),
(1252, 7, 49, 4.6, 0, 0, 0),
(1253, 7, 50, 15, 21.8, 0, 15583),
(1254, 7, 51, 0, 0, 0, 0),
(1255, 7, 52, 11.5, 0, 0, 0),
(1256, 7, 53, 54, 0, 0, 0),
(1257, 7, 54, 18.55, 21.4, 28.15, 17045),
(1258, 7, 55, -49.2, 6.6, 22.2, 14000),
(1259, 7, 56, 4, 0, 0, 0),
(1260, 7, 57, 0, 0, 0, 0),
(1261, 7, 79, -11.275, 20.9, 13.875, 8000),
(1447, 8, 83, 202, 0, 19, 0),
(1448, 8, 45, 44, 0, 17, 0),
(1449, 8, 46, 48, 0, 15, 0),
(1450, 8, 17, 118, 0, 0, 0),
(1451, 8, 27, 2, 24, 16, 18750),
(1452, 8, 28, 33, 40, 40, 2450),
(1453, 8, 29, 31, 9, 7, 10900),
(1454, 8, 30, 31, 20, 19, 18300),
(1455, 8, 31, 16, 20, 17, 22500),
(1456, 8, 32, 168, 0, 18, 0),
(1457, 8, 78, -58, 0, 0, 0),
(1458, 8, 80, 0, 10, 1, 11500),
(1459, 8, 81, 0, 4, 0, 9700),
(1460, 8, 2, 167, 38, 0, 15923),
(1461, 8, 14, 0, 0, 0, 0),
(1462, 8, 35, 722, 0, 0, 0),
(1463, 8, 36, -41, 0, 19, 0),
(1464, 8, 39, 11, 20, 27, 17100),
(1465, 8, 40, 11, 10, 9, 22500),
(1466, 8, 43, -50, 0, 34, 0),
(1467, 8, 44, 33, 5, 53, 3000),
(1468, 8, 58, -22, 25, 2, 23000),
(1469, 8, 59, 31, 17, 17, 29500),
(1470, 8, 61, -155, 550, 442, 800),
(1471, 8, 65, 34, 30, 29, 15300),
(1472, 8, 66, 0, 0, 0, 0),
(1473, 8, 67, 0, 0, 0, 0),
(1474, 8, 68, 0, 0, 0, 0),
(1475, 8, 76, -31, 0, 11, 0),
(1476, 8, 77, -2.15, 0, 0.75, 0),
(1477, 8, 19, 40, 648, 399, 13126),
(1478, 8, 20, 118, 96, 68, 15000),
(1479, 8, 21, 180, 700, 683, 6600),
(1480, 8, 22, 85, 900, 800, 8975),
(1481, 8, 23, 57, 0, 0, 0),
(1482, 8, 24, 54, 0, 0, 0),
(1483, 8, 25, 148, 0, 28, 0),
(1484, 8, 26, 93, 72, 85, 9917),
(1485, 8, 60, 67.9583, 24, 0.791667, 6084),
(1486, 8, 62, 141, 0, 0, 0),
(1487, 8, 63, 61.5, 24, 0.875, 3584),
(1488, 8, 64, 46.8333, 0, 0.416667, 0),
(1489, 8, 69, 0, 0, 0, 0),
(1490, 8, 70, -0.25, 0, 0, 0),
(1491, 8, 71, 0, 0, 0, 0),
(1492, 8, 72, 46.4583, 24, 0.666667, 6375),
(1493, 8, 73, -0.0416667, 0, 0, 0),
(1494, 8, 74, 23.75, 0, 0.416667, 0),
(1495, 8, 75, 0, 0, 0, 0),
(1496, 8, 47, -13.4, 3, 32.95, 8000),
(1497, 8, 48, 13, 0, 0, 0),
(1498, 8, 49, 4.6, 0, 0, 0),
(1499, 8, 50, 36.8, 11.1, 0, 12250),
(1500, 8, 51, 0, 2, 0, 29000),
(1501, 8, 52, 11.5, 0, 0, 0),
(1502, 8, 53, 54, 1, 0, 16000),
(1503, 8, 54, 11.8, 11.5, 32.75, 20125),
(1504, 8, 55, -64.8, 6.6, 26.2, 10500),
(1505, 8, 56, 4, 0, 0, 0),
(1506, 8, 57, 0, 0, 0, 0),
(1507, 8, 79, -4.25, 11.1, 16.375, 7500),
(1508, 8, 82, 0, 1, 0, 10000),
(1509, 8, 84, 0, 0, 0, 0);

-- --------------------------------------------------------

--
-- Structure de la table `k3d_unit`
--

CREATE TABLE IF NOT EXISTS `k3d_unit` (
  `id` int(25) NOT NULL AUTO_INCREMENT,
  `name` varchar(200) COLLATE utf8_unicode_ci DEFAULT NULL,
  PRIMARY KEY (`id`)
) ENGINE=InnoDB  DEFAULT CHARSET=utf8 COLLATE=utf8_unicode_ci AUTO_INCREMENT=20 ;

--
-- Contenu de la table `k3d_unit`
--

INSERT INTO `k3d_unit` (`id`, `name`) VALUES
(1, 'Ly'),
(2, 'Điếu'),
(3, 'Chai'),
(4, 'Lon'),
(5, 'Dĩa'),
(6, 'Thùng'),
(7, 'Két'),
(9, 'Bịch'),
(10, 'Gói'),
(11, 'Cái'),
(12, 'Cây'),
(13, 'Giờ'),
(14, 'Bao 20Kg'),
(15, 'Con'),
(16, 'Kg'),
(17, 'Hộp'),
(18, 'Bao 25Kg'),
(19, 'Lốc');

-- --------------------------------------------------------

--
-- Structure de la table `k3d_user`
--

CREATE TABLE IF NOT EXISTS `k3d_user` (
  `id` int(11) NOT NULL AUTO_INCREMENT,
  `name` varchar(25) COLLATE utf8_unicode_ci NOT NULL,
  `email` varchar(200) COLLATE utf8_unicode_ci DEFAULT NULL,
  `pass` varchar(256) COLLATE utf8_unicode_ci DEFAULT NULL,
  `gender` int(11) NOT NULL,
  `note` varchar(200) COLLATE utf8_unicode_ci DEFAULT NULL,
  `datecreate` timestamp NOT NULL DEFAULT CURRENT_TIMESTAMP,
  `dateupdate` timestamp NOT NULL DEFAULT '0000-00-00 00:00:00',
  `dateactivity` timestamp NOT NULL DEFAULT '0000-00-00 00:00:00',
  `type` tinyint(4) NOT NULL,
  `code` varchar(13) COLLATE utf8_unicode_ci NOT NULL,
  PRIMARY KEY (`id`)
) ENGINE=InnoDB  DEFAULT CHARSET=utf8 COLLATE=utf8_unicode_ci AUTO_INCREMENT=10 ;

--
-- Contenu de la table `k3d_user`
--

INSERT INTO `k3d_user` (`id`, `name`, `email`, `pass`, `gender`, `note`, `datecreate`, `dateupdate`, `dateactivity`, `type`, `code`) VALUES
(1, 'B.T.Tuấn', 'tuanbuithanh@gmail.com', 'admin068368', 0, ' ', '0000-00-00 00:00:00', '0000-00-00 00:00:00', '0000-00-00 00:00:00', 4, ''),
(2, 'Khoa', 'lekhoa.bdc@gmail.com', 'lenguyen0945030709...', 0, '', '0000-00-00 00:00:00', '0000-00-00 00:00:00', '0000-00-00 00:00:00', 4, ''),
(3, 'Mai', 'maiphan.bdc@gmail.com', '123456', 1, ' ', '0000-00-00 00:00:00', '0000-00-00 00:00:00', '0000-00-00 00:00:00', 1, ''),
(4, 'Phúc', 'phucphan.bdc@gmail.com', '123456', 0, '', '2013-04-07 11:54:16', '0000-00-00 00:00:00', '0000-00-00 00:00:00', 1, ''),
(5, 'Minh', 'minhle.bdc@gmail.com', '123456', 0, '', '2013-05-20 19:21:20', '2013-05-20 19:21:20', '2013-05-20 19:21:20', 1, ''),
(6, 'P.X.Mai', 'xuanmai.bdc@gmail.com', '123456', 1, '', '2013-05-31 13:37:18', '2013-05-31 13:37:18', '2013-05-31 13:37:18', 1, '123456789'),
(7, 'bacba', 'bacba@gmail.com', '123456', 0, '', '2013-06-06 18:16:09', '2013-06-06 18:16:09', '2013-06-06 18:16:09', 3, ''),
(9, 'Khoa', 'lenguyen.bdc@gmail.com', '123456', 0, '', '2013-08-13 05:48:44', '2013-08-13 05:48:44', '2013-08-13 05:48:44', 1, '');

--
-- Contraintes pour les tables exportées
--

--
-- Contraintes pour la table `k3d_collect_customer`
--
ALTER TABLE `k3d_collect_customer`
  ADD CONSTRAINT `k3d_customer_collect_1` FOREIGN KEY (`idcustomer`) REFERENCES `k3d_customer` (`id`) ON DELETE CASCADE ON UPDATE CASCADE;

--
-- Contraintes pour la table `k3d_collect_general`
--
ALTER TABLE `k3d_collect_general`
  ADD CONSTRAINT `k3d_collect_general_1` FOREIGN KEY (`id_term`) REFERENCES `k3d_term_collect` (`id`) ON DELETE CASCADE ON UPDATE CASCADE;

--
-- Contraintes pour la table `k3d_course`
--
ALTER TABLE `k3d_course`
  ADD CONSTRAINT `k3d_course_1` FOREIGN KEY (`idcategory`) REFERENCES `k3d_category` (`id`) ON DELETE CASCADE ON UPDATE CASCADE;

--
-- Contraintes pour la table `k3d_order_import`
--
ALTER TABLE `k3d_order_import`
  ADD CONSTRAINT `k3d_order_import_1` FOREIGN KEY (`idsupplier`) REFERENCES `k3d_supplier` (`id`) ON DELETE CASCADE ON UPDATE CASCADE;

--
-- Contraintes pour la table `k3d_order_import_detail`
--
ALTER TABLE `k3d_order_import_detail`
  ADD CONSTRAINT `k3d_order_import_detail_1` FOREIGN KEY (`idorder`) REFERENCES `k3d_order_import` (`id`) ON DELETE CASCADE ON UPDATE CASCADE,
  ADD CONSTRAINT `k3d_order_import_detail_2` FOREIGN KEY (`idresource`) REFERENCES `k3d_resource` (`id`) ON DELETE CASCADE ON UPDATE CASCADE;

--
-- Contraintes pour la table `k3d_paid_customer`
--
ALTER TABLE `k3d_paid_customer`
  ADD CONSTRAINT `k3d_customer_paid_1` FOREIGN KEY (`idcustomer`) REFERENCES `k3d_customer` (`id`) ON DELETE CASCADE ON UPDATE CASCADE;

--
-- Contraintes pour la table `k3d_paid_general`
--
ALTER TABLE `k3d_paid_general`
  ADD CONSTRAINT `k3d_paid_general_1` FOREIGN KEY (`id_term`) REFERENCES `k3d_term` (`id`) ON DELETE CASCADE ON UPDATE CASCADE;

--
-- Contraintes pour la table `k3d_paid_pay_roll`
--
ALTER TABLE `k3d_paid_pay_roll`
  ADD CONSTRAINT `k3d_paid_pay_roll_1` FOREIGN KEY (`idemployee`) REFERENCES `k3d_employee` (`id`) ON DELETE CASCADE ON UPDATE CASCADE;

--
-- Contraintes pour la table `k3d_paid_supplier`
--
ALTER TABLE `k3d_paid_supplier`
  ADD CONSTRAINT `k3d_supplier_paid_1` FOREIGN KEY (`idsupplier`) REFERENCES `k3d_supplier` (`id`) ON DELETE CASCADE ON UPDATE CASCADE;

--
-- Contraintes pour la table `k3d_r2c`
--
ALTER TABLE `k3d_r2c`
  ADD CONSTRAINT `k3d_r2c_1` FOREIGN KEY (`id_course`) REFERENCES `k3d_course` (`id`) ON DELETE CASCADE ON UPDATE CASCADE,
  ADD CONSTRAINT `k3d_r2c_2` FOREIGN KEY (`id_resource`) REFERENCES `k3d_resource` (`id`) ON DELETE CASCADE ON UPDATE CASCADE;

--
-- Contraintes pour la table `k3d_resource`
--
ALTER TABLE `k3d_resource`
  ADD CONSTRAINT `k3d_resource_1` FOREIGN KEY (`idsupplier`) REFERENCES `k3d_supplier` (`id`) ON DELETE CASCADE ON UPDATE CASCADE;

--
-- Contraintes pour la table `k3d_session`
--
ALTER TABLE `k3d_session`
  ADD CONSTRAINT `k3d_session_1` FOREIGN KEY (`idtable`) REFERENCES `k3d_table` (`id`) ON DELETE CASCADE ON UPDATE CASCADE,
  ADD CONSTRAINT `k3d_session_2` FOREIGN KEY (`iduser`) REFERENCES `k3d_user` (`id`) ON DELETE CASCADE ON UPDATE CASCADE,
  ADD CONSTRAINT `k3d_session_3` FOREIGN KEY (`idcustomer`) REFERENCES `k3d_customer` (`id`) ON DELETE CASCADE ON UPDATE CASCADE;

--
-- Contraintes pour la table `k3d_session_detail`
--
ALTER TABLE `k3d_session_detail`
  ADD CONSTRAINT `k3d_session_detail_1` FOREIGN KEY (`idsession`) REFERENCES `k3d_session` (`id`) ON DELETE CASCADE ON UPDATE CASCADE,
  ADD CONSTRAINT `k3d_session_detail_2` FOREIGN KEY (`idcourse`) REFERENCES `k3d_course` (`id`) ON DELETE CASCADE ON UPDATE CASCADE;

--
-- Contraintes pour la table `k3d_table`
--
ALTER TABLE `k3d_table`
  ADD CONSTRAINT `k3d_table_1` FOREIGN KEY (`iddomain`) REFERENCES `k3d_domain` (`id`) ON DELETE CASCADE ON UPDATE CASCADE;

/*!40101 SET CHARACTER_SET_CLIENT=@OLD_CHARACTER_SET_CLIENT */;
/*!40101 SET CHARACTER_SET_RESULTS=@OLD_CHARACTER_SET_RESULTS */;
/*!40101 SET COLLATION_CONNECTION=@OLD_COLLATION_CONNECTION */;
